CustomerKey,Customer Code,Name
13,11012,"Walker, Lauren"
14,11013,"Jenkins, Ian"
15,11014,"Bennett, Sydney"
16,11015,"Young, Chloe"
17,11016,"Hill, Wyatt"
41,11040,"Murphy, Jesse"
82,11081,"Baker, Savannah"
83,11082,"Butler, Angela"
84,11083,"Cox, Alyssa"
88,11087,"Liang, Tamara"
89,11088,"Davis, Hunter"
90,11089,"Price, Abigail"
91,11090,"Bryant, Trevor"
128,11127,"Edwards, Jan"
129,11128,"Long, Samantha"
130,11129,"Wright, Julia"
131,11130,"Russell, Caroline"
134,11133,"Griffin, Angela"
136,11135,"Harris, Marcus"
138,11137,"Taylor, Jasmine"
139,11138,"Davis, Lauren"
141,11140,"Alvarez, Javier"
142,11141,"Ramirez, Nicole"
144,11143,"Henderson, Jonathan"
145,11144,"Hernandez, Edward"
146,11145,"Coleman, Jasmine"
153,11152,"Williams, James"
154,11153,"James, Angela"
155,11154,"Walker, Megan"
156,11155,"Robinson, Hunter"
157,11156,"Roberts, Maria"
158,11157,"Long, Hannah"
159,11158,"Wright, Jason"
160,11159,"Hughes, Brianna"
161,11160,"Tang, Maurice"
162,11161,"Wood, Emily"
163,11162,"Cox, Chase"
164,11163,"Wang, Gabriel"
165,11164,"Brooks, Devin"
166,11165,"Alexander, Jocelyn"
167,11166,"Martinez, Ashley"
168,11167,"Barnes, Jasmine"
169,11168,"Rodriguez, David"
170,11169,"Richardson, Bryce"
171,11170,"Howard, Carol"
172,11171,"Hill, Jonathan"
173,11172,"Adams, Gabrielle"
174,11173,"Thomas, Sarah"
175,11174,"Robinson, Nicholas"
176,11175,"Wang, Luis"
178,11177,"Flores, Jose"
179,11178,"Johnson, Nathan"
180,11179,"Rodriguez, Molly"
181,11180,"Anand, April"
182,11181,"Martin, Devin"
183,11182,"Torres, Stephanie"
184,11183,"Lee, Jasmine"
185,11184,"Hernandez, Meghan"
187,11186,"Price, Sarah"
188,11187,"Cooper, Jennifer"
189,11188,"Morris, Catherine"
190,11189,"Blanco, Lawrence"
191,11190,"Bryant, Carson"
202,11201,"Foster, Amanda"
203,11202,"Price, Alexia"
205,11204,"Rivera, Destiny"
206,11205,"Fernandez, Abby"
207,11206,"Flores, Blake"
208,11207,"Cox, Danielle"
209,11208,"Reed, Maria"
210,11209,"Evans, Allison"
211,11210,"Wood, Edward"
214,11213,"Murphy, Stephanie"
215,11214,"Miller, Charles"
217,11216,"Torres, Jasmine"
218,11217,"Adams, Natalie"
219,11218,"Brown, Olivia"
220,11219,"Cook, Charles"
221,11220,"Huang, Erica"
222,11221,"Perry, Nathan"
223,11222,"Rivera, Alexandra"
225,11224,"Li, Tiffany"
226,11225,"Lee, Madison"
227,11226,"Ross, Sydney"
228,11227,"Chavez, Marshall"
229,11228,"Jones, Ashley"
230,11229,"Stewart, Adrian"
231,11230,"Turner, Amber"
232,11231,"Zhang, Dennis"
233,11232,"Bryant, Hailey"
234,11233,"Li, Todd"
235,11234,"Griffin, Anna"
236,11235,"Stewart, Angel"
237,11236,"Butler, Jeremy"
238,11237,"Anand, Clarence"
246,11245,"Vazquez, Ricky"
247,11246,"Rubio, Latasha"
250,11249,"Patel, Cindy"
253,11252,"Thompson, Nicholas"
255,11254,"Vance, Johnathan"
256,11255,"Lin, Colin"
257,11256,"Hernandez, Katelyn"
258,11257,"Powell, Jacqueline"
259,11258,"Hill, Xavier"
260,11259,"Stewart, Victoria"
261,11260,"Kelly, Katelyn"
262,11261,"Collins, Stephanie"
264,11263,"Richardson, Trinity"
265,11264,"Martin, Eduardo"
266,11265,"Jones, Elizabeth"
267,11266,"Howard, Taylor"
268,11267,"Diaz, David"
269,11268,"Carter, Katelyn"
270,11269,"Foster, Ryan"
271,11270,"Lee, Robert"
272,11271,"Reed, Danielle"
273,11272,"Martinez, Lauren"
274,11273,"Lal, Nathan"
275,11274,"Foster, Kyle"
276,11275,"Rai, Jenny"
279,11278,"Phillips, Jonathan"
280,11279,"Cook, Amanda"
281,11280,"Collins, Robert"
282,11281,"Barnes, Megan"
283,11282,"Thomas, Christian"
284,11283,"Lal, Arturo"
285,11284,"Serrano, Theresa"
286,11285,"Anderson, Jeremy"
287,11286,"Griffin, Hunter"
289,11288,"Sanchez, Cindy"
290,11289,"Carter, Maria"
291,11290,"Sanchez, Katelyn"
292,11291,"Wright, Jenna"
293,11292,"Phillips, Seth"
294,11293,"Long, Luke"
295,11294,"Clark, Dalton"
296,11295,"Lewis, Taylor"
297,11296,"Richardson, Haley"
298,11297,"Coleman, Noah"
299,11298,"Luo, Jon"
300,11299,"Vazquez, Orlando"
306,11305,"Evans, Sean"
307,11306,"Zhou, Micah"
316,11315,"Ward, Hailey"
318,11317,"Russell, Victoria"
319,11318,"Wilson, Jessica"
320,11319,"Bailey, Jade"
321,11320,"Hill, Morgan"
322,11321,"Raman, Terrance"
323,11322,"Garcia, Sydney"
324,11323,"Patterson, Jose"
325,11324,"Anderson, Zachary"
326,11325,"Ross, Elijah"
327,11326,"Xie, Rafael"
328,11327,"Moreno, Jaime"
330,11329,"Alvarez, Andy"
333,11332,"Ramos, Deanna"
336,11335,"Raman, Carla"
339,11338,"Navarro, Frank"
348,11347,"Navarro, Roy"
349,11348,"Rai, Shawn"
350,11349,"Luo, Mindy"
355,11354,"Suarez, Deanna"
374,11373,"Luo, Carly"
375,11374,"Ortega, Jimmy"
378,11377,"Robinett, David"
381,11380,"Kumar, Mitchell"
387,11386,"Cai, Jaclyn"
390,11389,"Shan, Karl"
392,11391,"Xie, Lindsay"
393,11392,"Zhao, Willie"
396,11395,"Gutierrez, Beth"
397,11396,"Lopez, Ian"
405,11404,"Taylor, Megan"
406,11405,"Goel, Bonnie"
408,11407,"She, Mario"
412,11411,"Ross, Devin"
413,11412,"Bryant, Sydney"
416,11415,"She, Randy"
419,11418,"Hu, Rafael"
422,11421,"Sun, Amy"
424,11423,"Stewart, Jasmine"
425,11424,"Garcia, Pamela"
427,11426,"Mehta, Kristopher"
428,11427,"Dominguez, Desiree"
429,11428,"Perez, Deanna"
431,11430,"Yuan, Casey"
432,11431,"Garcia, Bryant"
436,11435,"Romero, Robin"
439,11438,"Nara, Jenny"
471,11470,"Suarez, Jay"
478,11477,"Hughes, Tristan"
482,11481,"Hu, Erica"
485,11484,"Sai, Erick"
487,11486,"Rogers, Ariana"
493,11492,"Chander, Terrence"
496,11495,"Jimenez, Francis"
500,11499,"Vance, Pedro"
505,11504,"Baker, Jordan"
509,11508,"Wilson, Elizabeth"
510,11509,"Harui, Roger"
512,11511,"Perry, Caleb"
515,11514,"Diaz, Dalton"
516,11515,"Huang, Shannon"
517,11516,"Gonzales, Mya"
518,11517,"Bryant, Katherine"
519,11518,"Washington, Edward"
522,11521,"Peterson, Ariana"
523,11522,"Hughes, Christian"
525,11524,"Jackson, Alyssa"
545,11544,"Garcia, Joel"
553,11552,"Rubio, Eddie"
560,11559,"Subram, Frederick"
562,11561,"Dominguez, Briana"
563,11562,"Gonzalez, Jarrod"
565,11564,"Liang, Jorge"
568,11567,"Perez, Carla"
571,11570,"Andersen, Kristin"
585,11584,"Carter, Devin"
596,11595,"Howard, Sebastian"
599,11598,"Ruiz, Meredith"
603,11602,"Gill, Larry"
606,11605,"Subram, Heidi"
614,11613,"Prasad, Meredith"
615,11614,"Sharma, Katrina"
640,11639,"Perry, Angelica"
644,11643,"Munoz, Naomi"
645,11644,"Torres, Charles"
646,11645,"Turner, Gabriella"
647,11646,"Foster, Anna"
649,11648,"Scott, Kevin"
650,11649,"White, Ian"
651,11650,"Hayes, Caleb"
654,11653,"Peterson, Sydney"
655,11654,"Sanchez, Ariana"
656,11655,"Sharma, Tamara"
657,11656,"Perez, Katelyn"
658,11657,"Cox, Megan"
659,11658,"Mitchell, Robert"
663,11662,"Kumar, Ethan"
664,11663,"Williams, Seth"
665,11664,"Morgan, Alyssa"
666,11665,"Dominguez, Janet"
667,11666,"Baker, Angel"
668,11667,"Moore, Blake"
669,11668,"Collins, Jada"
670,11669,"Simmons, Isabella"
671,11670,"Perry, Jacqueline"
672,11671,"Brown, Jessica"
673,11672,"Jai, Chad"
674,11673,"Ye, Susan"
675,11674,"Rogers, Morgan"
676,11675,"Martinez, Devin"
677,11676,"Hu, Alan"
679,11678,"Chavez, Johnny"
680,11679,"Richardson, Dalton"
681,11680,"Nelson, Kaylee"
682,11681,"Jones, Abigail"
683,11682,"Hall, Kaitlyn"
684,11683,"Taylor, Greg"
685,11684,"Parker, Devin"
686,11685,"Griffin, Jose"
687,11686,"Edwards, Luke"
688,11687,"Torres, Cody"
689,11688,"Morris, Victoria"
690,11689,"Diaz, Ian"
691,11690,"Butler, Caroline"
692,11691,"Wilson, Kaitlyn"
693,11692,"Gonzales, Caleb"
695,11694,"Ortega, Jonathon"
696,11695,"Campbell, Logan"
697,11696,"Campbell, Mackenzie"
698,11697,"Lee, Eduardo"
700,11699,"Peterson, Chase"
701,11700,"Richardson, Xavier"
702,11701,"Hayes, David"
703,11702,"Zhou, Jenny"
704,11703,"Baker, Kaylee"
705,11704,"Hernandez, Evan"
706,11705,"Richardson, Brooke"
707,11706,"Perez, Blake"
708,11707,"Cook, Natalie"
709,11708,"Weisman, Elizabeth"
711,11710,"Ramirez, Zoe"
714,11713,"Zhang, Kyle"
715,11714,"Long, Alexandria"
716,11715,"Robinson, Chloe"
717,11716,"Kelly, Evan"
718,11717,"Jones, Marcus"
719,11718,"Jones, Sarah"
721,11720,"Morris, Morgan"
722,11721,"Alexander, Jennifer"
723,11722,"Hughes, Julian"
726,11725,"Li, Jose"
727,11726,"Liang, Micah"
728,11727,"Taylor, Benjamin"
729,11728,"White, Logan"
730,11729,"Campbell, Caleb"
731,11730,"Torres, Emma"
732,11731,"Gill, Tanya"
733,11732,"Sanchez, Erick"
734,11733,"Schmidt, Kristi"
735,11734,"Chen, Omar"
736,11735,"Gray, Sydney"
737,11736,"Sanchez, Sebastian"
738,11737,"Martin, Megan"
742,11741,"Chander, Tamara"
743,11742,"Lewis, Edward"
744,11743,"Kelly, Chase"
745,11744,"Campbell, Stephanie"
746,11745,"Gonzalez, Allison"
747,11746,"Brooks, Seth"
748,11747,"Davis, Destiny"
771,11770,"Nara, Peter"
772,11771,"Rivera, Isaac"
773,11772,"Moore, Cameron"
774,11773,"Diaz, Gavin"
775,11774,"Sanchez, Emma"
780,11779,"Jackson, Sarah"
781,11780,"Alexander, Jessica"
782,11781,"Gray, Carlos"
783,11782,"Jai, Barbara"
784,11783,"Mitchell, Sara"
786,11785,"Diaz, Theodore"
787,11786,"Murphy, Ian"
788,11787,"Nath, Jerry"
789,11788,"James, Destiny"
790,11789,"Phillips, Bailey"
791,11790,"Gonzalez, Timothy"
792,11791,"Morgan, Chase"
793,11792,"Perry, Alexia"
794,11793,"Rogers, Xavier"
795,11794,"Ross, Lauren"
796,11795,"Thomas, Nicole"
797,11796,"Jenkins, Isabel"
798,11797,"Coleman, Devin"
799,11798,"Chande, Brendan"
800,11799,"Wang, Jessie"
801,11800,"Baker, Jennifer"
802,11801,"Sharma, Aaron"
804,11803,"Hernandez, Jan"
805,11804,"Turner, Haley"
806,11805,"Green, Richard"
807,11806,"Stewart, Jennifer"
808,11807,"Baker, Lucas"
810,11809,"Gray, Juan"
811,11810,"Washington, Antonio"
812,11811,"Brooks, Abigail"
813,11812,"Rodriguez, Andrew"
814,11813,"Patterson, Mary"
815,11814,"Morgan, Dalton"
816,11815,"Patterson, Hannah"
817,11816,"Torres, Joe"
818,11817,"Miller, Morgan"
819,11818,"Garcia, Daniel"
820,11819,"Lal, Jose"
822,11821,"Johnson, Austin"
823,11822,"Wadia, Rohinton"
826,11825,"She, Aimee"
827,11826,"Alonso, Jessie"
829,11828,"Martinez, Katherine"
830,11829,"Campbell, Sophia"
831,11830,"Garcia, Taylor"
832,11831,"Ross, Christian"
833,11832,"Murphy, Zoe"
835,11834,"Flores, Fernando"
837,11836,"Travers, Garrett"
838,11837,"Alexander, Haley"
839,11838,"Rodriguez, Justin"
840,11839,"Brown, Tyler"
841,11840,"Patterson, Julian"
843,11842,"Wilson, Justin"
844,11843,"Nara, Christy"
845,11844,"Alvarez, Michele"
847,11846,"Reed, Savannah"
848,11847,"Diaz, Cassidy"
849,11848,"Lewis, Joshua"
850,11849,"Reed, Faith"
851,11850,"Ramirez, Brooke"
852,11851,"Mitchell, Jada"
853,11852,"Russell, Kyle"
854,11853,"Jones, Grace"
855,11854,"Mitchell, Jason"
856,11855,"Walker, Christian"
857,11856,"Hernandez, Seth"
858,11857,"Young, Isabella"
859,11858,"Coleman, Jordan"
860,11859,"Garcia, Blake"
861,11860,"Walker, Nicole"
877,11876,"White, Madison"
878,11877,"Diaz, Alexis"
879,11878,"Nara, Christine"
880,11879,"Sai, Edgar"
881,11880,"Sanchez, Melissa"
882,11881,"Mitchell, Richard"
883,11882,"Stewart, Patrick"
884,11883,"Anderson, Hannah"
885,11884,"Shen, Latoya"
886,11885,"Sharma, Kurt"
887,11886,"Parker, Katelyn"
888,11887,"White, Joseph"
890,11889,"Patterson, Blake"
891,11890,"Lopez, Whitney"
892,11891,"Liang, Jamie"
924,11923,"Bryant, Sarah"
925,11924,"Long, Ian"
926,11925,"Jai, Ashlee"
927,11926,"Foster, Eduardo"
928,11927,"Murphy, Nicole"
929,11928,"Morris, Isabella"
932,11931,"Adams, Marcus"
933,11932,"Coleman, Elizabeth"
934,11933,"Rubio, Mathew"
935,11934,"Shan, Justin"
936,11935,"Taylor, Jessica"
937,11936,"Clark, Hunter"
938,11937,"Perez, Devin"
939,11938,"Alexander, Seth"
940,11939,"Washington, Kevin"
941,11940,"Miller, Tyler"
942,11941,"Roberts, Adam"
946,11945,"Huang, Dennis"
950,11949,"Brooks, Julia"
951,11950,"Carter, Jordan"
954,11953,"Wright, Courtney"
955,11954,"Garcia, Joseph"
956,11955,"Green, Gabriel"
957,11956,"Sandberg, Alexandria"
958,11957,"Hernandez, Courtney"
959,11958,"Lal, Dylan"
960,11959,"Davis, Elizabeth"
961,11960,"Griffin, Ana"
962,11961,"Alvarez, Anne"
963,11962,"Roberts, Alexandra"
971,11970,"Collins, Bailey"
972,11971,"Adams, Amanda"
973,11972,"Williams, Katherine"
974,11973,"Barnes, Caroline"
975,11974,"Sun, Randy"
976,11975,"Garcia, Destiny"
979,11978,"Washington, Jackson"
981,11980,"Richardson, Kimberly"
982,11981,"Howard, Alexandria"
983,11982,"Foster, Alexandra"
984,11983,"Ortega, Cheryl"
986,11985,"Hughes, Melanie"
1016,12015,"White, Jacob"
1017,12016,"Serrano, Meredith"
1019,12018,"Henderson, Devin"
1020,12019,"Cox, Gabrielle"
1023,12022,"Wright, Jose"
1024,12023,"Johnson, Fernando"
1025,12024,"Edwards, Samuel"
1026,12025,"Diaz, Logan"
1027,12026,"Flores, Lucas"
1028,12027,"Wood, Haley"
1029,12028,"Lewis, Sarah"
1030,12029,"Hu, Damien"
1031,12030,"Washington, Ana"
1034,12033,"Guo, Kristen"
1041,12040,"Torres, Richard"
1042,12041,"Martin, Seth"
1043,12042,"Carter, Alex"
1044,12043,"Patterson, Carson"
1045,12044,"Lopez, Madeline"
1046,12045,"Russell, Luis"
1051,12050,"Young, Aaron"
1052,12051,"Scott, Isaiah"
1053,12052,"Ward, Makayla"
1054,12053,"Gao, Cedric"
1058,12057,"Collins, Madeline"
1059,12058,"Nelson, Chloe"
1060,12059,"Jenkins, Jason"
1069,12068,"Jenkins, Maria"
1070,12069,"Kelly, Garrett"
1071,12070,"Ross, Luke"
1072,12071,"Robinson, Robert"
1073,12072,"Ross, Tristan"
1074,12073,"Rodriguez, Thomas"
1076,12075,"Griffin, Cameron"
1077,12076,"Washington, Chloe"
1079,12078,"Edwards, Jose"
1080,12079,"Cooper, Nathaniel"
1086,12085,"Rodriguez, Tyler"
1088,12087,"Cook, Sean"
1089,12088,"Thompson, Lauren"
1092,12091,"Munoz, Eddie"
1093,12092,"White, Austin"
1094,12093,"Chandra, Levi"
1095,12094,"Bailey, Bailey"
1096,12095,"Griffin, Austin"
1097,12096,"Brooks, Caitlin"
1099,12098,"Clark, Grace"
1100,12099,"Hall, Sydney"
1101,12100,"Sun, Jon"
1102,12101,"Patterson, Logan"
1103,12102,"Simmons, Devin"
1104,12103,"White, Chloe"
1105,12104,"Ross, Mariah"
1106,12105,"Foster, Abigail"
1109,12108,"Walker, James"
1110,12109,"Foster, Morgan"
1111,12110,"Guo, Bianca"
1112,12111,"Gonzales, Jacqueline"
1113,12112,"Henderson, Arianna"
1116,12115,"Richardson, Chloe"
1126,12125,"Ortega, Diana"
1129,12128,"Munoz, Kristy"
1130,12129,"Alvarez, Wendy"
1131,12130,"Zhou, Suzanne"
1136,12135,"Taylor, Fernando"
1138,12137,"Green, Jack"
1139,12138,"Jai, Colin"
1140,12139,"Yang, Franklin"
1142,12141,"Lee, Kaitlyn"
1143,12142,"Torres, Gabriella"
1144,12143,"Turner, Logan"
1145,12144,"Jenkins, Kelly"
1146,12145,"Butler, Brandon"
1147,12146,"Thomas, Xavier"
1149,12148,"Morris, Gabrielle"
1150,12149,"Scott, Bailey"
1151,12150,"Wang, Logan"
1152,12151,"Kelly, Steven"
1153,12152,"Ramirez, Adrian"
1154,12153,"Bailey, Kaitlyn"
1156,12155,"Lopez, Gabriella"
1157,12156,"Raji, Bonnie"
1158,12157,"White, William"
1161,12160,"Zhang, Jaclyn"
1162,12161,"Rogers, Alexandria"
1163,12162,"Mitchell, Luke"
1164,12163,"Wang, Aaron"
1165,12164,"Butler, Noah"
1168,12167,"Stewart, Sebastian"
1169,12168,"Jackson, Hunter"
1170,12169,"Howard, Abigail"
1171,12170,"Reed, Sara"
1172,12171,"Cooper, Alyssa"
1173,12172,"Alexander, Eduardo"
1174,12173,"Edwards, Dalton"
1175,12174,"Phillips, Charles"
1176,12175,"Powell, Luke"
1177,12176,"James, Cody"
1179,12178,"Shan, Ethan"
1180,12179,"Jones, Alexis"
1181,12180,"Mehta, Holly"
1182,12181,"Sanders, Katelyn"
1185,12184,"Perez, Isaiah"
1186,12185,"Patterson, Kaitlyn"
1187,12186,"Srini, Bryant"
1188,12187,"Subram, Ruben"
1189,12188,"Thomas, Ashley"
1190,12189,"Wright, Sophia"
1191,12190,"Gonzales, Justin"
1192,12191,"Washington, Melissa"
1193,12192,"Hayes, Jocelyn"
1195,12194,"Foster, Destiny"
1196,12195,"Morris, Erin"
1198,12197,"Hernandez, Adam"
1199,12198,"Scott, Noah"
1200,12199,"Richardson, Christina"
1201,12200,"Sharma, Rafael"
1202,12201,"Yuan, Mindy"
1205,12204,"Jai, Bradley"
1206,12205,"Long, Madison"
1207,12206,"Parker, Sierra"
1208,12207,"Hill, Samuel"
1209,12208,"Sanchez, Dominique"
1210,12209,"Jai, Mindy"
1214,12213,"Lal, Alejandro"
1219,12218,"Xu, Mitchell"
1224,12223,"Vazquez, Felicia"
1226,12225,"Ortega, Kathleen"
1227,12226,"Ward, Faith"
1229,12228,"Martinez, Mayra"
1230,12229,"Gomez, Kari"
1231,12230,"Zheng, Wesley"
1232,12231,"Patterson, Isabelle"
1233,12232,"Hernandez, Sean"
1237,12236,"Gill, Kendra"
1238,12237,"Madan, Ruth"
1239,12238,"Raman, Monica"
1258,12257,"Ruiz, Ross"
1259,12258,"Li, Jamie"
1267,12266,"Lin, Tiffany"
1269,12268,"Shan, Edwin"
1271,12270,"Ramos, Ebony"
1274,12273,"Carlson, Nelson"
1276,12275,"Madan, Adriana"
1277,12276,"Shan, Alisha"
1279,12278,"Johnsen, Meredith"
1292,12291,"Suri, Johnathan"
1298,12297,"Blanco, Felicia"
1299,12298,"Zeng, Crystal"
1303,12302,"Coleman, Kevin"
1307,12306,"Parker, Logan"
1315,12314,"Suarez, Jill"
1320,12319,"Ye, Shannon"
1325,12324,"Lal, Dale"
1328,12327,"Liang, Edwin"
1331,12330,"Raman, Preston"
1363,12362,"Harrison, Thomas"
1365,12364,"Rogers, Erin"
1366,12365,"Evans, Alex"
1367,12366,"Cox, Stephanie"
1378,12377,"Miller, Christopher"
1379,12378,"Sanchez, Brianna"
1380,12379,"Chande, Bridget"
1385,12384,"Gutierrez, Jacquelyn"
1387,12386,"Perry, Katherine"
1389,12388,"Kumar, Casey"
1391,12390,"Martinez, Denise"
1397,12396,"Yang, Susan"
1398,12397,"Chapman, Shaun"
1400,12399,"Chapman, Henry"
1401,12400,"Martin, Andy"
1402,12401,"Rivera, Kimberly"
1407,12406,"Gutierrez, Ross"
1408,12407,"Raji, Shawn"
1409,12408,"Lu, Jon"
1410,12409,"Hill, Savannah"
1411,12410,"Richardson, Mariah"
1412,12411,"Alexander, Kevin"
1413,12412,"Wright, Mackenzie"
1414,12413,"Gonzales, James"
1415,12414,"Lal, Ethan"
1416,12415,"Richardson, Brianna"
1417,12416,"Martinez, Veronica"
1418,12417,"Bryant, Alexis"
1419,12418,"Hernandez, Robert"
1420,12419,"Bell, Destiny"
1421,12420,"Hayes, Spencer"
1422,12421,"Hughes, Cameron"
1423,12422,"Evans, Hailey"
1424,12423,"Thompson, Sarah"
1425,12424,"Mitchell, Rebecca"
1426,12425,"White, Brandon"
1427,12426,"Cox, Cody"
1428,12427,"Stewart, Kimberly"
1429,12428,"Morris, Sean"
1430,12429,"Black, Melvin"
1433,12432,"Clark, Nathan"
1434,12433,"Price, Antonio"
1435,12434,"Kumar, Thomas"
1436,12435,"Zhou, Christy"
1437,12436,"Diaz, Albert"
1438,12437,"Young, Jeremy"
1439,12438,"Rogers, Bailey"
1440,12439,"Bennett, Megan"
1441,12440,"Chandra, Francisco"
1442,12441,"Simmons, Trevor"
1443,12442,"Richardson, Allison"
1444,12443,"James, Garrett"
1446,12445,"Taylor, Cameron"
1447,12446,"Hall, Jasmine"
1449,12448,"Cox, Hailey"
1451,12450,"Cook, Cody"
1453,12452,"Sanchez, Sean"
1454,12453,"Bennett, Madison"
1455,12454,"Griffin, Samuel"
1456,12455,"Lewis, Benjamin"
1457,12456,"Chen, Thomas"
1458,12457,"Rai, Misty"
1459,12458,"Sanchez, Veronica"
1462,12461,"Suri, Ruth"
1463,12462,"Suri, Levi"
1470,12469,"Srini, Shane"
1471,12470,"He, Barbara"
1472,12471,"Zeng, Lacey"
1476,12475,"Carter, Logan"
1479,12478,"Mehta, Ruben"
1480,12479,"Tang, Priscilla"
1482,12481,"Diaz, Victor"
1485,12484,"Suarez, Lori"
1488,12487,"Zhu, Willie"
1494,12493,"Vazquez, Dwayne"
1496,12495,"Miller, Lucas"
1498,12497,"Kumar, Ashlee"
1499,12498,"Diaz, Eduardo"
1500,12499,"Wang, Heather"
1501,12500,"Vazquez, Kathleen"
1502,12501,"Sai, Cory"
1508,12507,"Bell, Ian"
1513,12512,"Gomez, Carolyn"
1517,12516,"Chander, Shawna"
1518,12517,"Watson, Alexa"
1519,12518,"Dominguez, Jacquelyn"
1522,12521,"Dominguez, Meredith"
1528,12527,"Rodriguez, José"
1529,12528,"Wilson, Devin"
1530,12529,"Allen, Isaiah"
1532,12531,"Xu, Autumn"
1534,12533,"Washington, Luis"
1536,12535,"Kapoor, Clifford"
1537,12536,"Dominguez, Javier"
1539,12538,"Blanco, Paula"
1545,12544,"Jordan, Bruce"
1547,12546,"Andersen, Clarence"
1549,12548,"Collins, Alexandra"
1557,12556,"Kapoor, Manuel"
1559,12558,"Evans, Amanda"
1592,12591,"Madan, Meredith"
1601,12600,"Romero, Larry"
1605,12604,"Lee, Nathan"
1606,12605,"Cooper, Carol"
1617,12616,"Tang, Kelsey"
1618,12617,"Ma, Jake"
1625,12624,"Xu, Jamie"
1630,12629,"Nara, Russell"
1637,12636,"Salah, Tamer"
1639,12638,"Brooks, Sebastian"
1644,12643,"Perez, Kristina"
1647,12646,"Xu, Kenneth"
1658,12657,"Blanco, Audrey"
1710,12709,"Rodriguez, Ian"
1713,12712,"Romero, Arthur"
1714,12713,"Xie, Deborah"
1715,12714,"Lu, Colleen"
1722,12721,"Martinez, Rebekah"
1723,12722,"Gomez, Latasha"
1725,12724,"Martin, Eddie"
1726,12725,"James, Gabrielle"
1727,12726,"Goel, Kurt"
1729,12728,"Stewart, Jeremiah"
1732,12731,"Murphy, Steven"
1736,12735,"Mehta, Donald"
1737,12736,"Ruiz, Diana"
1739,12738,"Rubio, Melinda"
1742,12741,"Sam, Raymond"
1743,12742,"Martinez, Samantha"
1748,12747,"Hu, Colleen"
1752,12751,"Xu, Priscilla"
1758,12757,"Ramirez, Sara"
1759,12758,"Ramirez, Stephanie"
1760,12759,"Sanders, Jada"
1762,12761,"Richardson, Alexandra"
1763,12762,"Smith, Jonathan"
1765,12764,"Harris, Alexandra"
1767,12766,"Bryant, Jordyn"
1768,12767,"Robinson, Christopher"
1769,12768,"Chapman, Johnathan"
1770,12769,"Zhang, Thomas"
1771,12770,"Evans, Charles"
1772,12771,"Thomas, Morgan"
1773,12772,"Clark, Abigail"
1774,12773,"Taylor, Samantha"
1775,12774,"Gao, Kristen"
1776,12775,"Griffin, Connor"
1777,12776,"Campbell, Blake"
1778,12777,"Anderson, Joseph"
1779,12778,"Morgan, Connie"
1780,12779,"Rogers, Mason"
1790,12789,"Zeng, Jamie"
1791,12790,"Kumar, Brandon"
1792,12791,"Foster, Angelica"
1793,12792,"White, Blake"
1794,12793,"Guo, Jessie"
1795,12794,"Jackson, Megan"
1797,12796,"Zhang, Jason"
1798,12797,"Howard, Patrick"
1800,12799,"Chandra, George"
1801,12800,"Chen, Lacey"
1802,12801,"Browning, Melody"
1803,12802,"Sun, Alan"
1807,12806,"Zeng, Ronnie"
1808,12807,"Kumar, Nina"
1810,12809,"Navarro, Michele"
1811,12810,"Stewart, Chase"
1812,12811,"Serrano, Marc"
1814,12813,"Ramos, Reginald"
1815,12814,"Sharma, Casey"
1816,12815,"Mehta, Dominique"
1817,12816,"Mehta, Tammy"
1823,12822,"James, Alexandra"
1826,12825,"Hu, Kelvin"
1827,12826,"Gonzalez, Caleb"
1828,12827,"Raje, Nicolas"
1829,12828,"Rubio, Carol"
1830,12829,"Li, Micah"
1832,12831,"Lal, Kathryn"
1833,12832,"Prasad, Douglas"
1834,12833,"Goel, Sheena"
1836,12835,"Yuan, Karl"
1838,12837,"Anderson, Nicole"
1839,12838,"Beck, Ralph"
1845,12844,"Gonzalez, Gerald"
1846,12845,"Torres, Angela"
1847,12846,"Nara, Bridget"
1851,12850,"Raji, Johnny"
1853,12852,"Carlson, Teresa"
1859,12858,"Mehta, Adriana"
1864,12863,"Zhang, Caleb"
1868,12867,"Ye, Laura"
1871,12870,"Munoz, Tyrone"
1873,12872,"Hughes, Olivia"
1876,12875,"Ross, Brianna"
1877,12876,"Robinson, Blake"
1878,12877,"Williams, Alexander"
1879,12878,"Sun, Gilbert"
1880,12879,"Nelson, Elijah"
1882,12881,"Edwards, Isabella"
1883,12882,"Allen, Eduardo"
1884,12883,"Bailey, Stephanie"
1885,12884,"Williams, Megan"
1886,12885,"Anderson, Jonathan"
1887,12886,"Long, Jocelyn"
1888,12887,"Pal, Brendan"
1889,12888,"Barnes, Melissa"
1890,12889,"Adams, James"
1891,12890,"Thorpe, Steven"
1892,12891,"King, Kaylee"
1894,12893,"Foster, Brittany"
1895,12894,"Walker, Natalie"
1897,12896,"Wood, Victoria"
1898,12897,"Wilson, Alyssa"
1899,12898,"Campbell, Madeline"
1900,12899,"Ross, Ana"
1901,12900,"Ward, Carlos"
1902,12901,"Adams, Robert"
1905,12904,"Jai, Thomas"
1906,12905,"Sanchez, Alexandra"
1907,12906,"Ramos, Philip"
1908,12907,"Bryant, Julia"
1909,12908,"Clark, Tyler"
1910,12909,"Shan, Kelsey"
1922,12921,"Lee, Wyatt"
1923,12922,"Sanders, Jennifer"
1924,12923,"Wright, Fernando"
1925,12924,"Chande, Devon"
1926,12925,"Blue, Mackenzie"
1927,12926,"Murphy, Sara"
1930,12929,"Bryant, Vanessa"
1931,12930,"Harris, Grace"
1932,12931,"Fernandez, Ann"
1933,12932,"Johnson, Tyler"
1934,12933,"Hall, Jonathan"
1935,12934,"Foster, Jason"
1936,12935,"Hill, Robert"
1938,12937,"Wilson, Megan"
1939,12938,"Parker, Edward"
1941,12940,"Rogers, Steven"
1942,12941,"Morgan, Maria"
1943,12942,"Harris, Morgan"
1944,12943,"Perez, Caleb"
1947,12946,"Allen, Seth"
1948,12947,"Sanchez, Isaiah"
1949,12948,"Kumar, Adam"
1950,12949,"Rivera, Morgan"
1951,12950,"Adams, Mary"
1952,12951,"Simmons, Blake"
1953,12952,"Hughes, Jennifer"
1954,12953,"Cooper, Catherine"
1955,12954,"Diaz, Pedro"
1956,12955,"Hernandez, Theresa"
1957,12956,"Sun, Marshall"
1958,12957,"Lopez, Isabella"
1959,12958,"Campbell, Jennifer"
1961,12960,"Lewis, Ashley"
1962,12961,"Murphy, Kimberly"
1963,12962,"Edwards, Jennifer"
1964,12963,"Anderson, Marcus"
1966,12965,"Bell, Cody"
1967,12966,"Zhu, Dennis"
1968,12967,"Rodriguez, Fernando"
1969,12968,"Butler, Paige"
1972,12971,"Nara, Carl"
1974,12973,"Howard, Adrian"
1975,12974,"Gill, Marc"
1976,12975,"Wilson, Marcus"
1977,12976,"Thompson, Hunter"
1978,12977,"Johnson, Destiny"
1979,12978,"James, Danielle"
1980,12979,"Ward, Christina"
1981,12980,"Moyer, Max"
1982,12981,"Sanz, Joe"
1983,12982,"Patterson, Brittany"
1984,12983,"Carter, Gabriella"
1986,12985,"Roberts, Hailey"
2015,13014,"Clark, James"
2016,13015,"Parker, Rebecca"
2017,13016,"Bryant, Antonio"
2018,13017,"Alexander, Xavier"
2020,13019,"Murphy, Destiny"
2029,13028,"Thompson, Dalton"
2030,13029,"Foster, Jennifer"
2031,13030,"Lopez, Sophia"
2032,13031,"Shan, Hunter"
2033,13032,"Baker, Kevin"
2040,13039,"Ma, Trisha"
2056,13055,"Gray, Patrick"
2057,13056,"Blue, Morgan"
2058,13057,"Powell, Destiny"
2059,13058,"Huang, Ramon"
2060,13059,"Deng, Keith"
2061,13060,"Zhu, Eugene"
2067,13066,"Perry, Carson"
2068,13067,"Garcia, Olivia"
2069,13068,"Morris, Alexandria"
2070,13069,"Green, Adam"
2071,13070,"Clark, Emma"
2073,13072,"Rogers, Emma"
2074,13073,"Lopez, Sydney"
2075,13074,"Hughes, Grace"
2084,13083,"Butler, Jordyn"
2086,13085,"Harris, Daniel"
2087,13086,"Nelson, Blake"
2088,13087,"Collins, Jeremy"
2089,13088,"Powell, Megan"
2093,13092,"Walker, William"
2148,13147,"Lin, Cedric"
2168,13167,"Tang, Mario"
2169,13168,"Price, Hannah"
2171,13170,"Reed, Sebastian"
2172,13171,"Torres, Catherine"
2173,13172,"Cook, Isabella"
2174,13173,"Brooks, Dalton"
2175,13174,"Morris, Gabriella"
2177,13176,"Chander, Kurt"
2178,13177,"Rogers, Taylor"
2179,13178,"Gray, Megan"
2181,13180,"Sanz, Leslie"
2182,13181,"Morgan, Brian"
2183,13182,"Bennett, Jeremy"
2184,13183,"Jenkins, Christian"
2185,13184,"Perez, Miguel"
2187,13186,"Sanders, Marcus"
2188,13187,"Wright, Evan"
2189,13188,"Davis, Anthony"
2190,13189,"Romero, Gloria"
2191,13190,"Diaz, Jonathan"
2192,13191,"Rodriguez, Emma"
2193,13192,"Martinez, Hunter"
2194,13193,"Evans, Kevin"
2195,13194,"Carter, Kevin"
2196,13195,"Perry, Aaron"
2197,13196,"Sanders, Kimberly"
2201,13200,"Miller, Jessica"
2203,13202,"Romero, Natasha"
2204,13203,"Bell, Bailey"
2211,13210,"Simmons, Ethan"
2212,13211,"Jai, James"
2213,13212,"Phillips, Logan"
2214,13213,"King, Courtney"
2215,13214,"Adams, Elijah"
2216,13215,"Sharma, Colleen"
2229,13228,"Sanchez, Thomas"
2230,13229,"Wang, Dylan"
2231,13230,"Bryant, Chloe"
2233,13232,"Baker, Kaitlyn"
2234,13233,"Coleman, Richard"
2235,13234,"Lewis, Robert"
2236,13235,"Robinson, Jonathan"
2237,13236,"Wang, Robert"
2238,13237,"Stewart, Devin"
2239,13238,"Williams, John"
2241,13240,"Foster, Blake"
2243,13242,"Yang, Kyle"
2244,13243,"Davis, Alyssa"
2245,13244,"Sharma, Jose"
2246,13245,"Scott, Angel"
2247,13246,"Perez, Hailey"
2248,13247,"Chen, Zachary"
2249,13248,"Martinez, Isabella"
2251,13250,"King, Jordan"
2256,13255,"Blanco, Lance"
2257,13256,"Subram, Abby"
2258,13257,"Chander, Jon"
2259,13258,"Dominguez, Anne"
2260,13259,"Garcia, Allen"
2261,13260,"Flores, James"
2262,13261,"Andersen, Lindsey"
2265,13264,"Sanchez, Melanie"
2266,13265,"Adams, Luke"
2267,13266,"Wang, Samuel"
2270,13269,"Martin, Rachel"
2273,13272,"Gonzalez, Jordan"
2274,13273,"Lee, Elizabeth"
2275,13274,"Lee, Joshua"
2276,13275,"Murphy, Carlos"
2277,13276,"Johnson, Sarah"
2278,13277,"Brown, Nathan"
2279,13278,"Hu, Jorge"
2280,13279,"Howard, Rachel"
2281,13280,"Adams, Bailey"
2282,13281,"Li, Brent"
2283,13282,"Price, Madison"
2284,13283,"Griffin, Dakota"
2287,13286,"Rodriguez, Hannah"
2288,13287,"Rodriguez, Brandon"
2289,13288,"Lopez, Jackson"
2294,13293,"Lu, Barbara"
2295,13294,"Hughes, Cassidy"
2296,13295,"Jackson, Jasmine"
2297,13296,"Anderson, Seth"
2298,13297,"Rubio, Arthur"
2299,13298,"Harris, Anna"
2300,13299,"Ross, Vanessa"
2301,13300,"Hernandez, Timothy"
2302,13301,"Stewart, Angela"
2303,13302,"Torres, Cole"
2305,13304,"Peterson, Sara"
2306,13305,"Alexander, Oscar"
2307,13306,"Cox, Kaitlyn"
2308,13307,"Stone, Michelle"
2309,13308,"King, Kaitlyn"
2310,13309,"Sanders, Angela"
2311,13310,"Barnes, Miguel"
2312,13311,"Reed, Isabella"
2313,13312,"Jenkins, Natalie"
2314,13313,"Stone, Megan"
2315,13314,"Hernandez, Jordan"
2316,13315,"Thomas, Lucas"
2317,13316,"Rivera, Angel"
2318,13317,"Long, Jeremiah"
2320,13319,"Howard, Charles"
2321,13320,"Jones, Jasmine"
2322,13321,"Barnes, Arianna"
2323,13322,"Patterson, Elizabeth"
2324,13323,"Adams, Adam"
2325,13324,"Stiller, Florian"
2326,13325,"Wright, Marcus"
2327,13326,"Fernandez, Bob"
2328,13327,"Russell, Isabelle"
2330,13329,"Wang, Jake"
2332,13331,"Diaz, Lauren"
2333,13332,"Alonso, Neil"
2334,13333,"Chander, Tara"
2335,13334,"Rivera, Melanie"
2336,13335,"Barnes, Alyssa"
2337,13336,"Gill, Deanna"
2338,13337,"Cox, Lauren"
2339,13338,"Carter, Jada"
2340,13339,"Clark, Nicole"
2341,13340,"Edwards, Natalie"
2342,13341,"King, Lucas"
2343,13342,"Jackson, Brandon"
2345,13344,"Reed, Caitlin"
2347,13346,"Chande, Gregory"
2348,13347,"Hall, Rachel"
2349,13348,"Young, Noah"
2350,13349,"Gonzalez, Kaitlyn"
2352,13351,"Cox, Mariah"
2353,13352,"Davis, Joseph"
2354,13353,"Coleman, Jordyn"
2355,13354,"Campbell, Eric"
2356,13355,"Jai, Jackson"
2357,13356,"Prasad, Stefanie"
2358,13357,"Gonzales, Blake"
2360,13359,"Wood, Ian"
2361,13360,"Cook, Jada"
2362,13361,"Jai, Cameron"
2363,13362,"Morgan, Destiny"
2364,13363,"Allen, Sydney"
2365,13364,"Anderson, Natalie"
2366,13365,"Shan, Luke"
2368,13367,"Edwards, Savannah"
2369,13368,"Henderson, Kyle"
2370,13369,"Henderson, Mariah"
2371,13370,"Ross, Blake"
2372,13371,"Gonzales, Sydney"
2373,13372,"Edwards, Isaac"
2374,13373,"Murphy, Michelle"
2375,13374,"Martinez, Marco"
2376,13375,"Kumar, Jason"
2377,13376,"Rai, Jerry"
2378,13377,"Hernandez, Thomas"
2379,13378,"Bailey, Alexandra"
2380,13379,"Morris, Bailey"
2381,13380,"Scott, Katherine"
2382,13381,"Jenkins, Vanessa"
2383,13382,"Rogers, Richard"
2384,13383,"Wright, Natalie"
2385,13384,"Ashe, Mario"
2386,13385,"Cook, Danielle"
2387,13386,"Patterson, Samuel"
2388,13387,"Jenkins, Miranda"
2389,13388,"Shen, Marshall"
2390,13389,"Thomas, Madison"
2391,13390,"Collins, Julia"
2393,13392,"Parker, Hunter"
2394,13393,"Kumar, Willie"
2395,13394,"Clark, Matthew"
2396,13395,"Li, Gabriel"
2397,13396,"Kumar, David"
2398,13397,"Mitchell, Adam"
2399,13398,"Ross, Logan"
2400,13399,"Young, Edward"
2401,13400,"Thomas, Julia"
2402,13401,"Bradley, Erin"
2403,13402,"Turner, Gabriel"
2404,13403,"Jackson, Jennifer"
2407,13406,"Jiménez, Craig"
2411,13410,"Madan, Jillian"
2414,13413,"Phillips, Fernando"
2415,13414,"Wilson, Miguel"
2416,13415,"Rogers, Marcus"
2417,13416,"Roberts, Richard"
2418,13417,"Cox, Ian"
2420,13419,"Coleman, Lauren"
2421,13420,"Turner, Jordan"
2422,13421,"Patterson, Alyssa"
2423,13422,"Washington, Jacqueline"
2425,13424,"Thomas, Jasmine"
2426,13425,"Garcia, Jose"
2427,13426,"Williams, Taylor"
2428,13427,"Winston, Connor"
2429,13428,"Ramirez, Marcus"
2430,13429,"Washington, Gabrielle"
2431,13430,"Griffin, Edward"
2432,13431,"James, Bryan"
2433,13432,"Wood, Dalton"
2434,13433,"Vazquez, Jessie"
2436,13435,"Pal, Tracy"
2440,13439,"Lin, Arturo"
2445,13444,"Lopez, Abby"
2446,13445,"Davis, Logan"
2447,13446,"Scott, Katelyn"
2448,13447,"Cox, Destiny"
2449,13448,"Ward, Catherine"
2452,13451,"Browning, Robin"
2453,13452,"Evans, Kaitlyn"
2454,13453,"Howard, Amanda"
2455,13454,"Griffin, Benjamin"
2456,13455,"Bryant, Kaitlyn"
2462,13461,"Jones, Anthony"
2472,13471,"Bryant, Eric"
2473,13472,"Pearson, Simon"
2474,13473,"Hill, Logan"
2476,13475,"Allen, Charles"
2477,13476,"Hall, Timothy"
2478,13477,"Wood, Katherine"
2479,13478,"Coleman, Alexia"
2480,13479,"Rogers, Katelyn"
2481,13480,"Rodriguez, Anna"
2482,13481,"Hernandez, Hunter"
2485,13484,"Martinez, Marcus"
2486,13485,"Allen, Thomas"
2488,13487,"Martin, Emily"
2489,13488,"Guo, Laura"
2491,13490,"Rodriguez, Edward"
2493,13492,"Foster, Christian"
2495,13494,"Gutierrez, Byron"
2498,13497,"Sharma, Deborah"
2501,13500,"Vance, Molly"
2502,13501,"Zhu, Clayton"
2503,13502,"Nara, Deborah"
2514,13513,"Henderson, Abigail"
2515,13514,"Luo, Lindsay"
2516,13515,"Liang, Cara"
2533,13532,"Gill, Melody"
2539,13538,"Henderson, Vanessa"
2541,13540,"Ortega, Paula"
2542,13541,"Xu, Ashlee"
2543,13542,"Kumar, Sharon"
2544,13543,"Rana, Phillip"
2546,13545,"Sharma, Brad"
2547,13546,"Jai, Mitchell"
2549,13548,"Jai, Bridget"
2560,13559,"Ramos, Lori"
2561,13560,"Shan, Andres"
2567,13566,"Sandberg, Mikael"
2568,13567,"Rubio, Anne"
2570,13569,"Hall, Marcus"
2571,13570,"Jackson, Benjamin"
2573,13572,"Deng, Shaun"
2575,13574,"Garcia, Brenda"
2580,13579,"Chen, Alan"
2581,13580,"Xu, Carol"
2588,13587,"Subram, Kristina"
2589,13588,"Dominguez, Deb"
2594,13593,"Navarro, Deanna"
2595,13594,"Williams, Jessica"
2598,13597,"Gutierrez, Lance"
2599,13598,"Luo, Keith"
2602,13601,"Dominguez, Tanya"
2607,13606,"Sharma, Drew"
2608,13607,"Rana, Levi"
2609,13608,"Kumar, Karla"
2657,13656,"Howard, Faith"
2658,13657,"Collins, Kaylee"
2659,13658,"Bennett, Wyatt"
2660,13659,"Shan, Clayton"
2664,13663,"Tang, Melvin"
2667,13666,"Ruiz, Teresa"
2672,13671,"Ramos, Frank"
2678,13677,"Albrecht, Brian"
2683,13682,"Lopez, Fernando"
2684,13683,"Torres, Sheila"
2685,13684,"Dominguez, Francis"
2686,13685,"Torres, Briana"
2687,13686,"Jai, Peter"
2697,13696,"Edwards, Katherine"
2698,13697,"Munoz, Jésus"
2699,13698,"Sanchez, Catherine"
2704,13703,"Sanders, Mackenzie"
2705,13704,"Davis, Victoria"
2706,13705,"Mitchell, Blake"
2713,13712,"Martinez, Nancy"
2714,13713,"Walker, Alexander"
2715,13714,"Ward, Amanda"
2716,13715,"Sanchez, Eduardo"
2717,13716,"Jai, Brandon"
2718,13717,"Gill, Audrey"
2719,13718,"Barnes, Marcus"
2722,13721,"Howard, Lucas"
2723,13722,"Campbell, Luke"
2724,13723,"Raje, Leonard"
2725,13724,"Thompson, Charles"
2726,13725,"Henderson, Nathan"
2727,13726,"Lewis, Austin"
2728,13727,"Rubio, Paula"
2729,13728,"Stewart, Taylor"
2730,13729,"Li, Jason"
2731,13730,"Suarez, Walter"
2732,13731,"James, Jan"
2734,13733,"Collins, Sydney"
2735,13734,"Gonzalez, Kristi"
2736,13735,"Guo, Dennis"
2737,13736,"Rivera, Cole"
2738,13737,"Sanders, Garrett"
2739,13738,"Young, Jose"
2740,13739,"Coleman, Jason"
2741,13740,"Ramirez, Jada"
2742,13741,"Morgan, Haley"
2743,13742,"Ross, Benjamin"
2745,13744,"Andersen, Alvin"
2768,13767,"Jimenez, Linda"
2771,13770,"Moreno, Gerald"
2772,13771,"Moreno, Victor"
2775,13774,"Guo, Steve"
2776,13775,"Subram, Patricia"
2779,13778,"Huang, Roger"
2783,13782,"Lu, Kelli"
2787,13786,"Chavez, Jon"
2788,13787,"Cai, Glenn"
2790,13789,"Shan, Julie"
2791,13790,"Deng, Nina"
2796,13795,"Raje, Carl"
2797,13796,"Zheng, Martha"
2798,13797,"Gao, Franklin"
2804,13803,"Zheng, Krystal"
2808,13807,"Rana, Frederick"
2809,13808,"Perez, Richard"
2823,13822,"Moyer, Jay"
2825,13824,"Wood, Destiny"
2827,13826,"He, Candice"
2828,13827,"Harris, Nathan"
2829,13828,"Travers, Jessie"
2830,13829,"Carlson, Randall"
2837,13836,"Sara, Dominic"
2838,13837,"Lee, Alyssa"
2843,13842,"Xie, Kenneth"
2845,13844,"Mehta, Phillip"
2857,13856,"Scott, Ian"
2858,13857,"Thompson, Victoria"
2859,13858,"Richardson, Melanie"
2860,13859,"Deng, Kristin"
2862,13861,"Rogers, Hailey"
2863,13862,"Walker, Andrew"
2864,13863,"Long, Kevin"
2865,13864,"Torres, Robin"
2866,13865,"Foster, Mariah"
2867,13866,"Butler, Mya"
2868,13867,"Griffin, Luke"
2869,13868,"Morris, Shelby"
2870,13869,"Morgan, Anna"
2871,13870,"Clark, Jonathan"
2872,13871,"Gonzales, Sarah"
2873,13872,"Henderson, Alyssa"
2874,13873,"Jai, Russell"
2875,13874,"Bryant, Alyssa"
2876,13875,"Williams, Samantha"
2877,13876,"Murphy, Sebastian"
2878,13877,"Lal, Adam"
2880,13879,"Hernandez, Derrick"
2881,13880,"Kumar, Marshall"
2882,13881,"Wood, Jasmine"
2883,13882,"Russell, Mariah"
2884,13883,"Lal, Brandon"
2885,13884,"Rogers, Jada"
2886,13885,"Howard, Brian"
2887,13886,"Taylor, Rachel"
2888,13887,"Scott, Nathan"
2889,13888,"Brown, Ian"
2890,13889,"Martin, Robert"
2891,13890,"Carter, Jennifer"
2892,13891,"Simmons, Aaron"
2893,13892,"Diaz, Spencer"
2894,13893,"Carter, Dalton"
2895,13894,"Ruiz, Robyn"
2896,13895,"Brooks, Isabella"
2897,13896,"Mitchell, Hailey"
2898,13897,"Washington, Carol"
2899,13898,"Baker, Richard"
2900,13899,"Jones, Cameron"
2901,13900,"Campbell, Isaac"
2902,13901,"Foster, Oscar"
2904,13903,"Hernandez, Elijah"
2905,13904,"Thompson, Natalie"
2906,13905,"Henderson, Christian"
2907,13906,"Evans, Courtney"
2908,13907,"Xie, Misty"
2911,13910,"Butler, Isabelle"
2912,13911,"Kelly, Andrea"
2913,13912,"Simmons, Caroline"
2914,13913,"Rogers, Angela"
2915,13914,"Bell, Abigail"
2916,13915,"King, Allison"
2918,13917,"Allen, Samuel"
2920,13919,"Smith, Grace"
2922,13921,"Jones, Joseph"
2923,13922,"Foster, Jackson"
2924,13923,"Howard, Steven"
2940,13939,"Ramirez, Eduardo"
2941,13940,"Simmons, Emma"
2943,13942,"Long, Seth"
2944,13943,"Bryant, Kelly"
2946,13945,"Luo, Yolanda"
2947,13946,"Powell, Jason"
2948,13947,"Hughes, Megan"
2949,13948,"Ma, Susan"
2950,13949,"Ramos, Dwayne"
2951,13950,"Hernandez, Meredith"
2952,13951,"Hughes, Dylan"
2977,13976,"Smith, Emmanuel"
2978,13977,"Brown, Alexandra"
2979,13978,"Peterson, Zoe"
2980,13979,"Jenkins, Chloe"
2981,13980,"Liu, Margaret"
2985,13984,"Richardson, Adrian"
2986,13985,"Wood, Alexis"
2987,13986,"Anderson, Chloe"
2990,13989,"Bradley, Chloe"
2991,13990,"Wood, Stephanie"
2992,13991,"Hayes, Jack"
2993,13992,"Xie, Gregory"
2994,13993,"Patterson, Zachary"
3000,13999,"Gonzales, Elijah"
3001,14000,"Sharma, Terry"
3003,14002,"Reed, Jacqueline"
3004,14003,"Ramirez, Angel"
3018,14017,"Rodriguez, Chloe"
3022,14021,"Richardson, Michelle"
3023,14022,"Lee, Taylor"
3024,14023,"Carlson, Beth"
3025,14024,"Moore, Hannah"
3026,14025,"Alexander, Robert"
3027,14026,"Butler, Chloe"
3028,14027,"Perez, Carlos"
3029,14028,"Srini, Patricia"
3030,14029,"Morris, Christina"
3036,14035,"Hughes, Hunter"
3037,14036,"Torres, Amanda"
3038,14037,"Sara, Lydia"
3041,14040,"Morris, Stephanie"
3043,14042,"Adams, Stephanie"
3044,14043,"Gonzalez, Mary"
3045,14044,"Wright, Thomas"
3076,14075,"Harris, Robert"
3077,14076,"Ross, Justin"
3081,14080,"Srini, Cynthia"
3082,14081,"Butler, Nicole"
3083,14082,"Jai, Johnny"
3084,14083,"Lopez, Nathan"
3086,14085,"Garcia, Nathan"
3089,14088,"Lopez, Alexandra"
3090,14089,"Gray, Kaitlyn"
3091,14090,"Lewis, Jennifer"
3093,14092,"Nath, Maurice"
3094,14093,"Arthur, Jillian"
3095,14094,"Russell, Amanda"
3096,14095,"Griffin, Paige"
3098,14097,"Srini, Johnathan"
3099,14098,"Lopez, Allison"
3105,14104,"James, Sydney"
3106,14105,"Zhang, Jackson"
3107,14106,"Hughes, Melissa"
3110,14109,"Gonzales, Aidan"
3112,14111,"Anderson, Michael"
3113,14112,"Sanchez, Charles"
3114,14113,"Lopez, Natalie"
3115,14114,"Martin, Chloe"
3116,14115,"Gonzales, Samantha"
3117,14116,"Torres, Brianna"
3118,14117,"Cook, Emma"
3121,14120,"Cooper, Gabrielle"
3122,14121,"Goel, Devon"
3123,14122,"Miller, Kaitlyn"
3138,14137,"Ruiz, Joy"
3139,14138,"He, Vincent"
3140,14139,"Sai, Meredith"
3141,14140,"Sai, Meagan"
3143,14142,"Zheng, Damien"
3148,14147,"Rivera, Marcus"
3149,14148,"Sharma, Shaun"
3150,14149,"Srini, Donald"
3154,14153,"Lewis, Dylan"
3161,14160,"Hu, Brittney"
3162,14161,"Li, Claudia"
3163,14162,"Garcia, Brett"
3164,14163,"Garcia, Ebony"
3165,14164,"Smith, Kari"
3168,14167,"Subram, Pamela"
3172,14171,"Lal, Michele"
3175,14174,"Diaz, Alberto"
3180,14179,"Xu, Claudia"
3181,14180,"Patel, Henry"
3182,14181,"Chandra, Adriana"
3183,14182,"Lin, Steve"
3188,14187,"Lu, Eugene"
3190,14189,"Martin, Krista"
3191,14190,"Patel, Candace"
3194,14193,"Vance, Pamela"
3198,14197,"Gill, Frank"
3199,14198,"Romero, Daisy"
3203,14202,"Zeng, Clayton"
3207,14206,"West, Edwin"
3208,14207,"Saraiva, José"
3240,14239,"Peterson, Maria"
3241,14240,"Foster, Caroline"
3242,14241,"Wood, Grace"
3243,14242,"Ye, Rafael"
3244,14243,"Winston, Gregory"
3246,14245,"Russell, Ana"
3247,14246,"Garcia, Devin"
3248,14247,"Allen, Hunter"
3249,14248,"Tang, Misty"
3250,14249,"Thomas, Eduardo"
3251,14250,"Collins, Adam"
3252,14251,"Brooks, Alex"
3253,14252,"Cook, Destiny"
3254,14253,"Scott, Eduardo"
3255,14254,"Gill, Tabitha"
3256,14255,"Jackson, Jonathan"
3257,14256,"Robinson, Elizabeth"
3258,14257,"Carter, James"
3259,14258,"Foster, Haley"
3267,14266,"Patel, Cory"
3268,14267,"Wood, Lauren"
3269,14268,"Roberts, Isabella"
3270,14269,"She, Tony"
3271,14270,"Ross, James"
3272,14271,"Wright, Lucas"
3273,14272,"Ward, Sydney"
3274,14273,"Parker, Angel"
3281,14280,"Oliver, Isaac"
3284,14283,"Simmons, Seth"
3285,14284,"Anderson, Wyatt"
3286,14285,"Hughes, Taylor"
3289,14288,"Ramirez, Christina"
3290,14289,"Martinez, Jessica"
3291,14290,"Wilson, Jonathan"
3293,14292,"Ross, Isabella"
3294,14293,"Campbell, Kyle"
3295,14294,"Gray, Steven"
3296,14295,"Thomas, Hannah"
3297,14296,"Russell, Benjamin"
3298,14297,"Raji, Kristin"
3299,14298,"Jenkins, Kaitlyn"
3328,14327,"Butler, Kyle"
3330,14329,"Sanchez, Holly"
3332,14331,"Murphy, Timothy"
3334,14333,"Suri, Bobby"
3335,14334,"Murphy, Patrick"
3336,14335,"Cox, Allison"
3337,14336,"Baker, Gabriel"
3338,14337,"Coleman, Olivia"
3340,14339,"Suri, Brandy"
3341,14340,"Butler, Miranda"
3343,14342,"Ruiz, Beth"
3344,14343,"Turner, Xavier"
3350,14349,"Griffin, Nicole"
3351,14350,"Moore, Emily"
3352,14351,"Gray, Riley"
3353,14352,"Butler, Melissa"
3355,14354,"Green, Seth"
3356,14355,"King, Ian"
3357,14356,"Baker, Isabella"
3358,14357,"Collins, Dalton"
3359,14358,"Watson, Amanda"
3361,14360,"Patterson, Samantha"
3362,14361,"Raje, Franklin"
3363,14362,"Gill, Roberto"
3365,14364,"Rai, Mario"
3366,14365,"Ward, Evan"
3367,14366,"Brooks, Anna"
3368,14367,"Green, Courtney"
3369,14368,"Thompson, Richard"
3370,14369,"Sanchez, Devin"
3373,14372,"Washington, Kaitlyn"
3374,14373,"Jai, Ricardo"
3375,14374,"Yang, David"
3376,14375,"Moore, Alexandra"
3377,14376,"Torres, Faith"
3378,14377,"Ruiz, Paula"
3379,14378,"Mehta, Cory"
3380,14379,"Foster, Richard"
3381,14380,"Watson, Kaylee"
3382,14381,"Cooper, Alexa"
3383,14382,"Blanco, Darren"
3384,14383,"Ferrier, Marvin"
3385,14384,"Miller, Rachel"
3386,14385,"Hall, Maria"
3387,14386,"Wood, Marissa"
3389,14388,"Rogers, Kaylee"
3390,14389,"Harris, Ryan"
3391,14390,"Kumar, Logan"
3392,14391,"Long, Jason"
3393,14392,"Jackson, Justin"
3394,14393,"Perez, José"
3395,14394,"Rodriguez, Jacob"
3396,14395,"Reed, Devin"
3397,14396,"Sanchez, Zoe"
3398,14397,"Edwards, Sierra"
3399,14398,"Anderson, James"
3400,14399,"Peterson, Jeremy"
3401,14400,"Brown, Brandon"
3402,14401,"Kumar, Jose"
3403,14402,"Parker, Hailey"
3404,14403,"Russell, Angelica"
3405,14404,"Davis, Rachel"
3406,14405,"Walker, Dylan"
3407,14406,"Schmidt, Carrie"
3408,14407,"Bryant, Thomas"
3409,14408,"Cook, Jasmine"
3410,14409,"Wang, Eric"
3411,14410,"Brooks, Arianna"
3412,14411,"Johnson, Ashley"
3413,14412,"Blue, Nicole"
3414,14413,"Patterson, Rachel"
3416,14415,"Davis, William"
3418,14417,"Lu, Ernest"
3419,14418,"Young, Rebecca"
3420,14419,"Ward, Abigail"
3421,14420,"Wright, Chloe"
3422,14421,"Barnes, Hannah"
3423,14422,"Lu, Cara"
3426,14425,"Carlson, Victor"
3427,14426,"Hughes, Madison"
3429,14428,"Andersen, Cassie"
3431,14430,"Jones, Sydney"
3432,14431,"Moore, Kayla"
3433,14432,"Russell, Antonio"
3434,14433,"Peterson, Jennifer"
3435,14434,"Hill, Sophia"
3436,14435,"Wilson, Jennifer"
3438,14437,"Anand, Mitchell"
3442,14441,"Lewis, William"
3443,14442,"Peterson, Shelby"
3444,14443,"Wilson, Benjamin"
3445,14444,"Sanders, Patrick"
3446,14445,"Henderson, Benjamin"
3451,14450,"Butler, Kevin"
3452,14451,"Moore, Tyler"
3458,14457,"White, Thomas"
3463,14462,"Sanz, Beth"
3464,14463,"Patterson, Julia"
3465,14464,"Price, Elizabeth"
3471,14470,"Robinson, Jeremy"
3472,14471,"Gonzalez, Gabriel"
3473,14472,"Diaz, Natalie"
3474,14473,"King, Miguel"
3480,14479,"Smith, Samantha"
3484,14483,"Henderson, Nicole"
3485,14484,"Hall, Samantha"
3486,14485,"Stewart, Bailey"
3487,14486,"Coleman, Jonathan"
3488,14487,"Hall, Seth"
3489,14488,"Hughes, Connor"
3490,14489,"Wang, Jason"
3491,14490,"Butler, Aidan"
3492,14491,"Bailey, Isaac"
3493,14492,"Patterson, Justin"
3494,14493,"Parker, Sara"
3495,14494,"Diaz, Cameron"
3496,14495,"Diaz, Nathan"
3499,14498,"Luo, Katie"
3500,14499,"Flores, Samuel"
3501,14500,"Ward, Jasmine"
3502,14501,"Prasad, Ruben"
3504,14503,"Alexander, Brianna"
3506,14505,"Edwards, Alex"
3507,14506,"Suarez, Stacy"
3508,14507,"Wright, Eric"
3509,14508,"Hall, Madison"
3510,14509,"Deng, Bridget"
3511,14510,"Hernandez, Samuel"
3512,14511,"Rogers, Danielle"
3513,14512,"Jones, Christopher"
3514,14513,"Turner, Alexandra"
3515,14514,"Jones, Rachel"
3516,14515,"Cooper, Anna"
3520,14519,"Rana, Denise"
3521,14520,"Xu, Bonnie"
3527,14526,"Hall, Emily"
3528,14527,"Raji, Kurt"
3529,14528,"Ramos, Casey"
3538,14537,"Cai, Clayton"
3542,14541,"Kapoor, Douglas"
3544,14543,"Lu, Heather"
3550,14549,"Goel, Arturo"
3552,14551,"Vance, Michele"
3559,14558,"Truempy, Marcel"
3560,14559,"Washington, Ashley"
3561,14560,"Huang, Kelvin"
3563,14562,"Stewart, Bryce"
3564,14563,"Carter, Fernando"
3565,14564,"Bailey, Chloe"
3566,14565,"Hernandez, Natalie"
3569,14568,"Kumar, Priscilla"
3570,14569,"Rodriguez, Kristopher"
3571,14570,"Henderson, Hannah"
3572,14571,"Richardson, Rachel"
3573,14572,"Foster, Melanie"
3577,14576,"Price, Anna"
3578,14577,"Rogers, Natalie"
3580,14579,"Henderson, Luis"
3581,14580,"Diaz, Kyle"
3582,14581,"Adams, Kevin"
3584,14583,"Morris, Sydney"
3585,14584,"Mitchell, Gabrielle"
3586,14585,"Torres, Kimberly"
3588,14587,"Peterson, Jade"
3589,14588,"Taylor, Alexander"
3590,14589,"Cook, Mackenzie"
3591,14590,"Butler, Marissa"
3592,14591,"Harris, Charles"
3593,14592,"Thompson, Jessica"
3594,14593,"Washington, Jack"
3595,14594,"Taylor, Lauren"
3596,14595,"Ward, Andrea"
3597,14596,"Hill, Amber"
3600,14599,"Wilson, Charles"
3601,14600,"Ramirez, Ariana"
3602,14601,"Rai, Nicolas"
3608,14607,"Nelson, Isaiah"
3609,14608,"Gao, Warren"
3610,14609,"Phillips, Julia"
3611,14610,"Jenkins, Lauren"
3613,14612,"Zhang, Ernest"
3614,14613,"Huang, Glenn"
3615,14614,"Bryant, Dylan"
3616,14615,"Dominguez, Audrey"
3617,14616,"Sandberg, Emma"
3618,14617,"Flores, Aaron"
3619,14618,"Baker, Gabrielle"
3620,14619,"Sanders, Nathaniel"
3621,14620,"Patterson, Kayla"
3622,14621,"Morris, Chloe"
3623,14622,"Patterson, Brandon"
3624,14623,"Li, Benjamin"
3625,14624,"Thomas, Anna"
3626,14625,"Simmons, Benjamin"
3628,14627,"Hill, Isaiah"
3629,14628,"Brooks, Carlos"
3630,14629,"Hernandez, Blake"
3631,14630,"James, Isaiah"
3640,14639,"Howard, Jeremiah"
3643,14642,"Zeng, Jeffery"
3644,14643,"Simmons, Eric"
3645,14644,"Lee, Jennifer"
3646,14645,"Kelly, Isaac"
3647,14646,"Garcia, Dylan"
3648,14647,"Howard, Sean"
3649,14648,"Evans, Eric"
3689,14688,"Carlson, Tabitha"
3691,14690,"Rai, Drew"
3696,14695,"Andersen, Russell"
3697,14696,"Anand, Shawn"
3699,14698,"Navarro, Diane"
3700,14699,"Munoz, Gerald"
3704,14703,"Srini, Clifford"
3708,14707,"Raje, Tonya"
3710,14709,"Martin, Ian"
3711,14710,"Ma, Lisa"
3712,14711,"Xu, Deborah"
3714,14713,"Ye, Jon"
3716,14715,"Munoz, Erik"
3719,14718,"Raji, Gregory"
3731,14730,"Ferrier, Jerry"
3732,14731,"Brown, Seth"
3733,14732,"Cook, Trinity"
3734,14733,"Raji, Clarence"
3735,14734,"Edwards, Kevin"
3736,14735,"Rogers, Maria"
3737,14736,"Roberts, Jack"
3738,14737,"Srini, Dominic"
3739,14738,"Garcia, Ethan"
3740,14739,"Gonzalez, Charles"
3741,14740,"Scott, Jenna"
3742,14741,"Cooper, Emma"
3743,14742,"Howard, Andrea"
3744,14743,"Turner, Nathan"
3745,14744,"Yang, Elijah"
3747,14746,"Nelson, Courtney"
3748,14747,"Wood, Aidan"
3749,14748,"Roessler, Don"
3750,14749,"Jenkins, Jose"
3751,14750,"Green, Mary"
3752,14751,"Price, Gabrielle"
3753,14752,"Turner, Seth"
3754,14753,"Foster, Austin"
3755,14754,"Pal, Grant"
3756,14755,"Davis, Robert"
3757,14756,"Reed, Charles"
3758,14757,"Garcia, Elizabeth"
3759,14758,"Long, Victoria"
3760,14759,"Davis, Madison"
3762,14761,"Kelly, Morgan"
3763,14762,"Perez, Adriana"
3764,14763,"Arun, George"
3765,14764,"Scott, Xavier"
3768,14767,"Blanco, Stacy"
3769,14768,"Kelly, Ian"
3770,14769,"Powell, Jessica"
3773,14772,"Torres, Stacy"
3775,14774,"Ferrier, Max"
3776,14775,"Xie, Bonnie"
3782,14781,"Butler, Robert"
3783,14782,"Lewis, Michael"
3787,14786,"Jenkins, Tristan"
3790,14789,"Zhang, Rosa"
3796,14795,"Gao, Crystal"
3798,14797,"Gao, Steve"
3801,14800,"Arthur, Abby"
3802,14801,"Simmons, Riley"
3804,14803,"Martin, Stacy"
3806,14805,"Garcia, Kari"
3812,14811,"Sanchez, Molly"
3820,14819,"Ruiz, Dana"
3823,14822,"Martin, Jessica"
3824,14823,"Harrison, Nelson"
3825,14824,"Baker, Miguel"
3826,14825,"Alonso, Rebekah"
3828,14827,"Xu, Ernest"
3829,14828,"Muñoz, Hector"
3831,14830,"Ward, Isabella"
3835,14834,"Jimenez, Ebony"
3836,14835,"Saunders, Melody"
3838,14837,"Li, Dennis"
3839,14838,"Alvarez, Darren"
3842,14841,"Pal, Franklin"
3843,14842,"Kim, Meagan"
3845,14844,"Miller, Blake"
3850,14849,"Martin, Dwayne"
3853,14852,"Gonzalez, Adam"
3857,14856,"Carlson, Kari"
3867,14866,"Peterson, Hailey"
3869,14868,"Morgan, Ariana"
3870,14869,"Bryant, Jennifer"
3871,14870,"Ortega, Brandi"
3873,14872,"Clark, Fernando"
3874,14873,"Long, Fernando"
3877,14876,"Anderson, Nathan"
3879,14878,"Murphy, Marcus"
3880,14879,"Richardson, Andrea"
3881,14880,"Ross, Jessica"
3882,14881,"Griffin, Eric"
3883,14882,"Nara, Kathryn"
3884,14883,"Barnes, Gabrielle"
3885,14884,"Torres, Kristi"
3888,14887,"Wilson, Lauren"
3889,14888,"Russell, Jasmine"
3890,14889,"Kumar, Drew"
3891,14890,"Adams, Wyatt"
3892,14891,"Hayes, Kyle"
3893,14892,"Sanders, Savannah"
3895,14894,"Baker, James"
3896,14895,"Hernandez, Connor"
3897,14896,"Flores, Alexia"
3899,14898,"Edwards, Katelyn"
3900,14899,"Dominguez, Rodney"
3902,14901,"Richardson, Katherine"
3903,14902,"Diaz, Arianna"
3904,14903,"Morgan, Amanda"
3922,14921,"Watson, Sara"
3923,14922,"Perry, Paige"
3928,14927,"Martinez, Chelsea"
3934,14933,"Patel, Ronald"
3936,14935,"Liang, Rafael"
3940,14939,"Kapoor, Cory"
3941,14940,"Rana, Carmen"
3944,14943,"Pal, Lindsay"
3946,14945,"Lewis, Samantha"
3952,14951,"Rai, Katie"
3953,14952,"Srini, Holly"
3957,14956,"Romero, Krista"
3962,14961,"Yang, Jaclyn"
3968,14967,"Xu, Bridget"
3970,14969,"Vazquez, Julio"
3973,14972,"Deng, Cristina"
3974,14973,"Jai, Alicia"
3979,14978,"Ortega, Jamie"
3980,14979,"Serrano, Rodney"
3981,14980,"Garcia, Michele"
3991,14990,"Ramos, Nelson"
3997,14996,"Gill, Ross"
3998,14997,"Cooper, Angel"
4001,15000,"Zhou, Kelli"
4002,15001,"Lu, Autumn"
4006,15005,"Cooper, Adrian"
4007,15006,"Jackson, Grace"
4010,15009,"Patterson, Chloe"
4011,15010,"Suri, Cory"
4018,15017,"Ramirez, Amanda"
4050,15049,"Dominguez, Frank"
4051,15050,"Miller, Joshua"
4055,15054,"Anand, Roger"
4056,15055,"Torres, Patrick"
4064,15063,"Malhotra, Kari"
4066,15065,"Gao, Alejandro"
4069,15068,"Barnes, Jessica"
4070,15069,"Lal, Noah"
4074,15073,"Chander, Tasha"
4075,15074,"Perry, Elizabeth"
4077,15076,"Ramos, Sheila"
4085,15084,"Serrano, Adrienne"
4091,15090,"Mehta, Troy"
4092,15091,"Madan, Jermaine"
4093,15092,"Morris, Adrian"
4097,15096,"Schare, Gary"
4101,15100,"Chandra, Brenda"
4102,15101,"Shan, Shawn"
4106,15105,"Rana, Tina"
4111,15110,"Prasad, Janelle"
4114,15113,"Smith, Robert"
4115,15114,"Munoz, Erika"
4117,15116,"Ramirez, Mackenzie"
4118,15117,"Dominguez, Dana"
4167,15166,"Goel, Nina"
4168,15167,"Hernandez, Sara"
4174,15173,"Henderson, Miguel"
4175,15174,"Rogers, Trinity"
4194,15193,"King, Samuel"
4195,15194,"Suarez, Erik"
4196,15195,"Huang, Edwin"
4197,15196,"Reed, Isaiah"
4244,15243,"Harris, Lauren"
4246,15245,"Ross, Eduardo"
4247,15246,"Watson, Kaitlyn"
4249,15248,"Harris, Richard"
4250,15249,"Anderson, Abigail"
4251,15250,"Scott, Jose"
4253,15252,"Murphy, Jada"
4255,15254,"Chapman, Carla"
4256,15255,"Collins, Evan"
4257,15256,"Ramirez, Dalton"
4258,15257,"Anderson, Matthew"
4259,15258,"Reed, Chloe"
4260,15259,"Zhu, Franklin"
4261,15260,"Torres, Kathleen"
4270,15269,"King, Chloe"
4271,15270,"Cox, Ariana"
4272,15271,"Yang, Samuel"
4273,15272,"Gonzales, Kyle"
4274,15273,"Alexander, Brandon"
4275,15274,"Johnson, Alexander"
4276,15275,"Collins, Eric"
4277,15276,"Hall, Megan"
4278,15277,"Griffin, Hailey"
4279,15278,"Russell, Brandon"
4280,15279,"Lee, Hunter"
4281,15280,"Griffin, Mya"
4282,15281,"Anderson, Hunter"
4283,15282,"Thomas, Elizabeth"
4285,15284,"Prasad, Jay"
4286,15285,"Rodriguez, Olivia"
4287,15286,"Nelson, Thomas"
4288,15287,"Baker, Stephanie"
4289,15288,"Perry, Logan"
4290,15289,"Gray, Katelyn"
4291,15290,"Thompson, Edward"
4293,15292,"Bailey, Megan"
4294,15293,"Watson, Mason"
4295,15294,"Robinson, Michael"
4296,15295,"Shan, Louis"
4297,15296,"Peterson, Chloe"
4298,15297,"Bryant, Nicole"
4299,15298,"Chandra, Joe"
4300,15299,"Lopez, Charles"
4301,15300,"Butler, Seth"
4302,15301,"Guo, Amy"
4303,15302,"Thomas, Brianna"
4304,15303,"Patterson, Haley"
4306,15305,"Ortega, Jacquelyn"
4307,15306,"Sanchez, Victoria"
4308,15307,"Garcia, Jennifer"
4309,15308,"Lal, Christy"
4310,15309,"Wilson, Dylan"
4312,15311,"Thompson, Brandon"
4313,15312,"Gonzales, Alexandria"
4314,15313,"Morris, Garrett"
4315,15314,"Torres, Eduardo"
4316,15315,"Bennett, Katherine"
4317,15316,"Harris, Alexis"
4318,15317,"Jenkins, Rachel"
4319,15318,"Watson, Grace"
4320,15319,"Sanchez, Jade"
4321,15320,"Brooks, Eduardo"
4322,15321,"Phillips, Blake"
4323,15322,"Green, Evan"
4325,15324,"Serrano, Renee"
4326,15325,"Hayes, Elijah"
4327,15326,"Zheng, Todd"
4328,15327,"Hernandez, Paula"
4329,15328,"Jackson, Fernando"
4330,15329,"Cox, Brianna"
4331,15330,"Richardson, Catherine"
4332,15331,"Taylor, Jacob"
4333,15332,"Sharma, Jason"
4334,15333,"Diaz, Marie"
4336,15335,"Patterson, Emily"
4337,15336,"Garcia, Marco"
4338,15337,"Gonzales, Rachel"
4339,15338,"Navarro, Marie"
4340,15339,"Zhang, Noah"
4342,15341,"Deng, Lacey"
4343,15342,"Raji, Ashlee"
4344,15343,"Barnes, Carson"
4345,15344,"Russell, Luke"
4346,15345,"Perry, Ashley"
4347,15346,"Rodriguez, Charles"
4348,15347,"Alonso, Deanna"
4349,15348,"Carter, Greg"
4350,15349,"Gonzalez, Stephanie"
4351,15350,"Serrano, Kathleen"
4352,15351,"Lu, Steve"
4353,15352,"Martinez, Raymond"
4357,15356,"Jai, Dawn"
4358,15357,"Navarro, Craig"
4359,15358,"Sanders, Danielle"
4360,15359,"Yang, Logan"
4361,15360,"Martin, Ryan"
4362,15361,"Gonzales, Thomas"
4365,15364,"Bryant, Aidan"
4366,15365,"Gray, Victoria"
4367,15366,"Coleman, Alyssa"
4368,15367,"White, Alyssa"
4369,15368,"Martin, Brandi"
4370,15369,"Perez, Connor"
4371,15370,"Butler, Jessica"
4372,15371,"Bryant, Cameron"
4373,15372,"Alexander, Miguel"
4374,15373,"Jones, Kaitlyn"
4380,15379,"Griffin, Amanda"
4381,15380,"Robinson, Nathan"
4382,15381,"Howard, Alexa"
4383,15382,"Blue, Kimberly"
4384,15383,"Rivera, Charles"
4385,15384,"Alan, Xavier"
4386,15385,"Reed, Destiny"
4387,15386,"Taylor, Nicholas"
4388,15387,"Rodriguez, Miguel"
4389,15388,"Smith, Victoria"
4390,15389,"King, Joan"
4391,15390,"Turner, Jonathan"
4393,15392,"Brown, Sydney"
4394,15393,"Ruiz, Rebekah"
4398,15397,"Tang, Karl"
4399,15398,"Wang, Jose"
4412,15411,"Chandra, Jay"
4413,15412,"Griffin, Ryan"
4415,15414,"Richardson, Isaac"
4416,15415,"Gray, Rachel"
4417,15416,"Barnes, Edward"
4418,15417,"Lu, Alvin"
4420,15419,"Baker, Carlos"
4421,15420,"Hernandez, Nathan"
4422,15421,"Clark, Cameron"
4423,15422,"Griffin, Kelly"
4424,15423,"Long, Jack"
4425,15424,"Hill, Rebecca"
4428,15427,"Murphy, Jade"
4429,15428,"Howard, Richard"
4430,15429,"Li, Aaron"
4431,15430,"Jiménez, Alfredo"
4432,15431,"Jackson, John"
4433,15432,"Kumar, Alvin"
4434,15433,"Sharma, Adam"
4444,15443,"Patel, Francisco"
4455,15454,"Bennett, Ian"
4457,15456,"Suri, Donald"
4458,15457,"Martinez, Adriana"
4459,15458,"Ma, Krystal"
4460,15459,"Dominguez, Beth"
4461,15460,"Nara, Bethany"
4467,15466,"Perez, Elijah"
4468,15467,"Shan, Caleb"
4470,15469,"Williams, Fernando"
4471,15470,"Lopez, Hailey"
4472,15471,"White, Destiny"
4473,15472,"Torres, Jennifer"
4474,15473,"Jenkins, Abigail"
4475,15474,"Lal, Cameron"
4476,15475,"Brooks, Kaitlyn"
4477,15476,"Powell, Alyssa"
4478,15477,"Adams, Jose"
4480,15479,"Wright, Andrea"
4481,15480,"Lopez, Denise"
4482,15481,"Zhang, Jamie"
4483,15482,"Rubio, Audrey"
4484,15483,"Robinson, Katherine"
4485,15484,"Henderson, Samuel"
4486,15485,"Wright, Jordan"
4487,15486,"Griffin, Kevin"
4488,15487,"Ramirez, Jesse"
4490,15489,"Thompson, Emily"
4492,15491,"Li, Shannon"
4493,15492,"Long, Grace"
4494,15493,"Chen, Eric"
4496,15495,"Alonso, Craig"
4497,15496,"Goel, Kelli"
4498,15497,"Phillips, Katelyn"
4500,15499,"Thomas, Robert"
4501,15500,"Raji, Keith"
4502,15501,"Simmons, Justin"
4503,15502,"Howard, Nathaniel"
4504,15503,"James, Caitlin"
4505,15504,"James, Jared"
4506,15505,"Bailey, Gabriella"
4507,15506,"Sanders, Evan"
4509,15508,"Brooks, Megan"
4510,15509,"Washington, Zachary"
4511,15510,"She, Ernest"
4513,15512,"Hayes, Jose"
4514,15513,"Perez, Madeline"
4515,15514,"Ramirez, Angela"
4516,15515,"Wright, Carlos"
4517,15516,"Raje, Shaun"
4518,15517,"Edwards, Thomas"
4519,15518,"Bryant, Richard"
4520,15519,"Evans, Jennifer"
4521,15520,"Navarro, Desiree"
4522,15521,"Deng, Kathryn"
4523,15522,"Russell, Ethan"
4524,15523,"Yang, Jonathan"
4525,15524,"Stone, Dalton"
4526,15525,"Gonzalez, Marie"
4528,15527,"Rivera, Megan"
4529,15528,"Ramirez, Lucas"
4530,15529,"Allen, Jason"
4532,15531,"Raji, Calvin"
4533,15532,"Jai, Marshall"
4534,15533,"Richardson, Anna"
4535,15534,"Bell, Steven"
4536,15535,"Scott, Jordan"
4538,15537,"Peterson, Destiny"
4539,15538,"Lal, Luis"
4540,15539,"Goel, Raul"
4541,15540,"Ortega, Randall"
4542,15541,"Morris, Zoe"
4543,15542,"Baker, Andrea"
4545,15544,"Brown, Thomas"
4546,15545,"Rivera, Jennifer"
4547,15546,"Jenkins, Robert"
4548,15547,"Wood, Cassidy"
4549,15548,"Brooks, Morgan"
4551,15550,"Alonso, Orlando"
4552,15551,"Gray, Kaylee"
4553,15552,"Lewis, Tyler"
4554,15553,"Lopez, Ivan"
4555,15554,"Bailey, Zoe"
4556,15555,"Barnes, Hailey"
4558,15557,"Murphy, Nathaniel"
4559,15558,"Morris, Hailey"
4561,15560,"Gray, Gabrielle"
4562,15561,"Young, Angel"
4563,15562,"James, Kaitlyn"
4566,15565,"Mitchell, Kyle"
4569,15568,"Hayes, Aaron"
4570,15569,"Ward, Morgan"
4571,15570,"Powell, Brianna"
4574,15573,"Wilson, Thomas"
4575,15574,"Peterson, Carlos"
4609,15608,"James, Faith"
4619,15618,"Sharma, Gabriel"
4623,15622,"Schleger, Yvonne"
4626,15625,"Alvarez, Clinton"
4627,15626,"White, Eduardo"
4628,15627,"Srini, Troy"
4629,15628,"Sandberg, Brianna"
4630,15629,"Ruiz, Meghan"
4634,15633,"Shan, Ashlee"
4637,15636,"White, David"
4650,15649,"Jimenez, Melinda"
4656,15655,"Gomez, Deanna"
4657,15656,"Zhao, Darryl"
4660,15659,"Rivera, Angela"
4665,15664,"Vazquez, Jill"
4668,15667,"Ramos, Hector"
4673,15672,"Nara, Kelvin"
4675,15674,"Raheem, Tommy"
4676,15675,"Alonso, Jay"
4681,15680,"She, Tasha"
4683,15682,"Garcia, Heidi"
4684,15683,"Carlson, Jessie"
4685,15684,"Suarez, Tyrone"
4686,15685,"Vazquez, Robin"
4690,15689,"Wang, Stacey"
4694,15693,"Barnes, Isabel"
4698,15697,"Morris, Julia"
4699,15698,"Wang, Susan"
4704,15703,"Chande, Alison"
4705,15704,"Luo, Peter"
4706,15705,"Simmons, Gabriel"
4708,15707,"Rubio, Robin"
4709,15708,"Jai, Nina"
4737,15736,"Raje, Sheena"
4738,15737,"Robinson, Alexander"
4739,15738,"Miller, Abigail"
4740,15739,"Rogers, Garrett"
4741,15740,"Kumar, Johnny"
4742,15741,"Allen, Isabella"
4743,15742,"Thompson, Grace"
4744,15743,"Thompson, Chloe"
4745,15744,"Gray, Angela"
4746,15745,"Hayes, Julian"
4747,15746,"Walker, Emily"
4748,15747,"Nelson, Evan"
4750,15749,"Brown, Grace"
4751,15750,"Martinez, Kaitlin"
4760,15759,"Brooks, Erin"
4764,15763,"Young, Xavier"
4769,15768,"Walker, Victoria"
4770,15769,"Coleman, Kelly"
4771,15770,"Brooks, Xavier"
4772,15771,"Diaz, Maria"
4773,15772,"Anderson, Christopher"
4774,15773,"Jenkins, Dylan"
4775,15774,"Kelly, Natalie"
4776,15775,"Ward, Michelle"
4777,15776,"Mitchell, Jesse"
4778,15777,"Smith, Brianna"
4779,15778,"Miller, José"
4780,15779,"Hayes, Jackson"
4781,15780,"McDonald, Claudia"
4782,15781,"Evans, Blake"
4783,15782,"Collins, Katelyn"
4814,15813,"Diaz, Julian"
4815,15814,"Subram, Monica"
4818,15817,"Alexander, Chloe"
4819,15818,"Perez, Stanley"
4820,15819,"Cox, Savannah"
4821,15820,"Ward, Chase"
4822,15821,"Anderson, Logan"
4825,15824,"Kumar, Lindsay"
4826,15825,"Simmons, Angela"
4828,15827,"Ward, Danielle"
4835,15834,"Green, Rebecca"
4836,15835,"Smith, Marcus"
4837,15836,"Jackson, Devin"
4838,15837,"Johnston, Julia"
4839,15838,"Taylor, Julia"
4840,15839,"Taylor, William"
4841,15840,"Peterson, Natalie"
4842,15841,"Shan, Luis"
4843,15842,"Gray, Haley"
4844,15843,"Wright, Caleb"
4845,15844,"Brown, Megan"
4846,15845,"Carter, Mackenzie"
4850,15849,"Kelly, Destiny"
4852,15851,"Anderson, Taylor"
4853,15852,"Henderson, Oscar"
4854,15853,"Brown, Jasmine"
4855,15854,"Wood, Miranda"
4862,15861,"Zhao, Damien"
4863,15862,"Narayanan, Sriniwa"
4866,15865,"Price, Isabel"
4868,15867,"White, Victoria"
4870,15869,"Hall, Alexandra"
4871,15870,"Howard, Zoe"
4872,15871,"Jai, Ryan"
4874,15873,"Richardson, Hailey"
4876,15875,"Morris, Devin"
4878,15877,"Perez, Jordan"
4881,15880,"Bailey, Patrick"
4883,15882,"Xie, Maurice"
4884,15883,"Coleman, Tristan"
4885,15884,"Bradley, Dakota"
4886,15885,"Sanchez, Garrett"
4887,15886,"Brown, Matthew"
4888,15887,"Vazquez, Deanna"
4898,15897,"Cooper, Haley"
4899,15898,"Gonzalez, Isaiah"
4900,15899,"James, Ian"
4902,15901,"Bryant, Taylor"
4903,15902,"Diaz, Robert"
4904,15903,"Barnes, Abigail"
4905,15904,"Bennett, Janice"
4908,15907,"Bailey, Steven"
4909,15908,"Wilson, David"
4910,15909,"Ross, Cassidy"
4911,15910,"Hughes, Caleb"
4912,15911,"Baker, Maria"
4913,15912,"Simmons, Mya"
4915,15914,"Bryant, Logan"
4916,15915,"Cox, Alex"
4919,15918,"Ruiz, Roberto"
4927,15926,"Deng, Donna"
4928,15927,"Huang, Gilbert"
4929,15928,"Pal, Priscilla"
4933,15932,"Jimenez, Tabitha"
4935,15934,"Raji, Nichole"
4936,15935,"King, Amber"
4937,15936,"Johnson, Abigail"
4938,15937,"Lewis, Grace"
4939,15938,"Collins, Sean"
4940,15939,"Brown, Jennifer"
4941,15940,"Bryant, Jack"
4942,15941,"Brooks, Bailey"
4945,15944,"Lu, Damien"
4946,15945,"Kelly, Alexandria"
4947,15946,"Wilson, Wyatt"
4948,15947,"Blue, Michelle"
4949,15948,"Hughes, Angela"
4950,15949,"Green, Katherine"
4951,15950,"Peterson, Erin"
4952,15951,"Baker, Jenna"
4953,15952,"Cooper, Evan"
4954,15953,"Moreno, Julio"
4955,15954,"Deng, Marshall"
4956,15955,"Ortega, Neil"
4957,15956,"Li, Ryan"
4958,15957,"Ross, Samuel"
4959,15958,"Ross, Nicole"
4960,15959,"Rodriguez, Logan"
4961,15960,"Bryant, Brianna"
4962,15961,"Walker, Ashley"
4963,15962,"Winter, Benjamin"
4964,15963,"Smith, Madison"
4965,15964,"Cox, Steven"
4966,15965,"Watson, Jennifer"
4967,15966,"Foster, Natalie"
4968,15967,"Diaz, Dakota"
4969,15968,"Gonzalez, Edward"
4970,15969,"Murphy, Sean"
4971,15970,"Thompson, Samuel"
4972,15971,"Jenkins, Ryan"
4973,15972,"Bailey, Caitlin"
4974,15973,"Garcia, Christopher"
4976,15975,"Collins, Gabrielle"
4977,15976,"Patel, Kristopher"
4978,15977,"Harris, Julia"
4979,15978,"Walker, Xavier"
4980,15979,"Cook, Nicole"
4983,15982,"Evans, Jose"
4984,15983,"Ross, Alexis"
4985,15984,"Wright, Nathan"
4986,15985,"Johnson, Devin"
4992,15991,"Taylor, David"
4993,15992,"Alexander, Isabelle"
4995,15994,"Blue, Olivia"
4996,15995,"Johnson, Kaitlyn"
4999,15998,"Flores, Marissa"
5000,15999,"Hill, Maria"
5002,16001,"Pal, Ricardo"
5003,16002,"Hayes, Paige"
5004,16003,"Robinson, Carol"
5005,16004,"Martinez, Joe"
5007,16006,"Henderson, Angelica"
5008,16007,"Gonzalez, Janelle"
5009,16008,"Allen, Morgan"
5011,16010,"Wood, Nicole"
5014,16013,"Williams, Xavier"
5015,16014,"Wilson, Christopher"
5016,16015,"Cooper, Jessica"
5018,16017,"Ramirez, Jeremy"
5019,16018,"Henderson, Emma"
5020,16019,"Hernandez, Amber"
5023,16022,"Hernandez, Devin"
5025,16024,"Hill, Isaac"
5035,16034,"Suri, Pamela"
5038,16037,"Kelly, Melissa"
5040,16039,"Yang, Steve"
5045,16044,"Rai, Connie"
5048,16047,"Johnson, Taylor"
5049,16048,"Yang, Kelli"
5050,16049,"Nara, Ashlee"
5056,16055,"Lee, Ryan"
5058,16057,"Gomez, Michele"
5060,16059,"Carlson, Jésus"
5061,16060,"Griffin, Antonio"
5062,16061,"Butler, Miguel"
5063,16062,"Johnson, Katherine"
5064,16063,"Kapoor, Francisco"
5065,16064,"Griffin, Isabella"
5066,16065,"Torres, Makayla"
5067,16066,"Ramirez, Alex"
5068,16067,"Butler, Maria"
5069,16068,"Shen, Jerry"
5070,16069,"Hall, Brianna"
5071,16070,"Phillips, Sierra"
5073,16072,"Evans, Caleb"
5074,16073,"Bryant, Miranda"
5075,16074,"Roberts, Caleb"
5076,16075,"Johnson, Alexis"
5077,16076,"Rogers, Catherine"
5078,16077,"Rogers, Stephanie"
5079,16078,"James, Nicole"
5080,16079,"Carter, Natalie"
5081,16080,"Patterson, Oscar"
5082,16081,"Cai, Arturo"
5083,16082,"Zeng, Autumn"
5085,16084,"Wright, Allison"
5087,16086,"Watson, Charles"
5088,16087,"Chen, Micah"
5089,16088,"Sanders, Bryce"
5092,16091,"Lewis, Alyssa"
5093,16092,"Bryant, Jessica"
5094,16093,"Morris, Kaitlyn"
5095,16094,"Brown, Kayla"
5096,16095,"Garcia, Marcus"
5100,16099,"Jenkins, Julian"
5101,16100,"Johnson, Jose"
5102,16101,"Lopez, Mary"
5103,16102,"Alexander, Marcus"
5105,16104,"Hernandez, Jordan"
5106,16105,"Diaz, Kristy"
5127,16126,"Kelly, Faith"
5128,16127,"Edwards, Amanda"
5130,16129,"Russell, Jordyn"
5131,16130,"Seamans, Mike"
5132,16131,"Romero, Albert"
5135,16134,"Hernandez, Roy"
5136,16135,"Raman, Chelsea"
5137,16136,"Srini, George"
5138,16137,"King, Timothy"
5139,16138,"Butler, David"
5140,16139,"Alexander, Jacqueline"
5142,16141,"Ramirez, Shelby"
5143,16142,"King, Sophia"
5144,16143,"Evans, Sara"
5145,16144,"Kelly, Patrick"
5146,16145,"Anderson, Sydney"
5147,16146,"Saunders, Jacquelyn"
5197,16196,"Raheem, Kurt"
5198,16197,"Prasad, Heidi"
5200,16199,"Xie, Terrence"
5207,16206,"Lewis, Cindy"
5208,16207,"Shan, Jordan"
5209,16208,"Chandra, Ruth"
5215,16214,"Fernandez, Brett"
5216,16215,"Turner, Thomas"
5217,16216,"Mitchell, Charles"
5218,16217,"Gonzales, Amanda"
5219,16218,"Simmons, Julia"
5222,16221,"Saunders, Darren"
5223,16222,"Anderson, Brandon"
5224,16223,"Collins, Carlos"
5225,16224,"Martinez, Jacob"
5226,16225,"Nelson, Wyatt"
5227,16226,"Blue, Maria"
5228,16227,"Lopez, Eric"
5229,16228,"Zhu, Rafael"
5230,16229,"Chande, Wayne"
5231,16230,"Blanco, Craig"
5232,16231,"Martin, Dana"
5233,16232,"Richardson, Chase"
5234,16233,"King, Rebecca"
5235,16234,"Martin, Wyatt"
5236,16235,"Morris, Sebastian"
5253,16252,"Jiménez, Danny"
5254,16253,"Lal, Bethany"
5264,16263,"Robinson, Eduardo"
5268,16267,"Chen, Edwin"
5270,16269,"Nath, Tara"
5271,16270,"Hernandez, Jerome"
5272,16271,"Gutierrez, Michele"
5275,16274,"Diaz, Ross"
5277,16276,"Carlson, Brandi"
5279,16278,"Turner, Angel"
5280,16279,"Patterson, Victoria"
5281,16280,"Ma, Glenn"
5285,16284,"Perez, Troy"
5291,16290,"Nath, Russell"
5293,16292,"Lal, Carly"
5298,16297,"Garcia, Deanna"
5299,16298,"Sanz, Adrienne"
5300,16299,"Tang, Alison"
5304,16303,"Yuan, Tracy"
5305,16304,"Moore, Justin"
5306,16305,"Gonzalez, Stanley"
5308,16307,"Sun, Kelli"
5310,16309,"Ortega, Desiree"
5314,16313,"Russell, Hailey"
5317,16316,"Hu, Kelli"
5327,16326,"Romero, Jésus"
5328,16327,"Diaz, Darren"
5334,16333,"Hill, Caleb"
5335,16334,"Bailey, Natalie"
5336,16335,"Lu, Kristen"
5341,16340,"Mitchell, Sean"
5354,16353,"Xu, Alejandro"
5355,16354,"Torres, Janet"
5356,16355,"Foster, Sam"
5358,16357,"Russell, Margaret"
5360,16359,"Richardson, Shelby"
5361,16360,"Garcia, Justin"
5372,16371,"Diaz, Caleb"
5373,16372,"Foster, Vanessa"
5374,16373,"Cook, Sara"
5375,16374,"Phillips, Edward"
5376,16375,"Hernandez, Gabriella"
5377,16376,"Wright, Maria"
5378,16377,"Adams, Jordan"
5379,16378,"Baker, Hailey"
5380,16379,"Jimenez, Marc"
5382,16381,"Davis, Kayla"
5383,16382,"Davis, Jennifer"
5384,16383,"Kelly, Brian"
5385,16384,"Reed, Jada"
5386,16385,"Perez, James"
5390,16389,"Shen, Arturo"
5391,16390,"Nath, Mario"
5397,16396,"Rai, Keith"
5398,16397,"Navarro, Andy"
5400,16399,"Xu, Arturo"
5410,16409,"Moreno, Ebony"
5412,16411,"Sanchez, Stanley"
5414,16413,"Gonzalez, Julia"
5415,16414,"Flores, Kelly"
5420,16419,"Simpson, Lacey"
5423,16422,"Xu, Kurt"
5430,16429,"Luo, Jaclyn"
5435,16434,"Bailey, Taylor"
5442,16441,"Young, Jason"
5443,16442,"Gonzalez, Luke"
5449,16448,"Martin, Cheryl"
5452,16451,"Stone, Karl"
5457,16456,"Navarro, Larry"
5458,16457,"Martin, Kathleen"
5459,16458,"Ruiz, Michele"
5463,16462,"Gonzales, Marissa"
5464,16463,"Murphy, Anna"
5467,16466,"Kumar, Alisha"
5474,16473,"Andersen, Dawn"
5475,16474,"Serrano, Jay"
5476,16475,"Anand, Kurt"
5478,16477,"Gonzales, Anna"
5479,16478,"Gray, Adrian"
5486,16485,"Foster, Ian"
5499,16498,"Jones, Hunter"
5500,16499,"Kelly, Danielle"
5501,16500,"Perry, Chloe"
5502,16501,"Wood, Vanessa"
5503,16502,"Parker, Jackson"
5505,16504,"Russell, Justin"
5506,16505,"Gray, Erin"
5535,16534,"Holt, Claudia"
5538,16537,"Dominguez, Arthur"
5539,16538,"Liang, Stacey"
5540,16539,"Li, Christy"
5541,16540,"Browning, Theodore"
5550,16549,"Moreno, Linda"
5553,16552,"Sanchez, Joe"
5557,16556,"Butler, Angelica"
5559,16558,"Sara, Preston"
5566,16565,"Anand, Corey"
5568,16567,"Lopez, Erick"
5569,16568,"Coleman, Caroline"
5573,16572,"Xu, Jon"
5579,16578,"Weber, Stefanie"
5583,16582,"Torres, Frank"
5584,16583,"Martinez, Justin"
5588,16587,"Martinez, Zachary"
5598,16597,"Xu, Kelli"
5604,16603,"Seely, Scott"
5605,16604,"Serrano, Roy"
5643,16642,"Mitchell, Mason"
5645,16644,"Goel, Leonard"
5648,16647,"Alexander, Anna"
5649,16648,"Coleman, Rachel"
5651,16650,"Green, Kaitlyn"
5652,16651,"Martinez, Abigail"
5669,16668,"Malhotra, Levi"
5677,16676,"Perry, Amanda"
5678,16677,"Hughes, Jack"
5715,16714,"Nicholls, Dalton"
5716,16715,"Ramirez, Katelyn"
5717,16716,"Henderson, Jose"
5721,16720,"Perry, Morgan"
5723,16722,"Gray, Sean"
5724,16723,"Zhao, Barbara"
5725,16724,"Yang, Gabriel"
5726,16725,"Williams, Jacob"
5727,16726,"Wood, Miguel"
5728,16727,"Johnston, Charles"
5729,16728,"Morris, Cole"
5733,16732,"Flores, Natalie"
5736,16735,"Hayes, Melissa"
5737,16736,"Alexander, Kelly"
5738,16737,"Selikoff, Steven"
5750,16749,"Coleman, Aaron"
5751,16750,"Sanders, Seth"
5758,16757,"Cox, Mackenzie"
5760,16759,"Bell, Jasmine"
5761,16760,"Alexander, Sydney"
5762,16761,"Ward, Angel"
5763,16762,"Ferrier, Franklin"
5766,16765,"White, Dalton"
5767,16766,"Arun, Summer"
5768,16767,"Liu, Rafael"
5769,16768,"Barnes, Eduardo"
5770,16769,"Walker, Tyler"
5771,16770,"Rogers, Charles"
5775,16774,"Perry, Eduardo"
5776,16775,"Russell, Sarah"
5777,16776,"Lewis, Dalton"
5778,16777,"Simmons, Cameron"
5779,16778,"Hayes, Blake"
5780,16779,"Watson, Morgan"
5781,16780,"Bailey, Carlos"
5782,16781,"Chen, Dylan"
5783,16782,"Clark, Lucas"
5784,16783,"Barnes, Grace"
5786,16785,"Lee, Christian"
5787,16786,"Reed, Lucas"
5788,16787,"Jackson, Nicole"
5789,16788,"Gao, Ronnie"
5790,16789,"Harris, Jennifer"
5791,16790,"Lopez, Hunter"
5793,16792,"Torres, Maria"
5794,16793,"Hernandez, Savannah"
5795,16794,"Cook, Taylor"
5796,16795,"Garcia, Regina"
5813,16812,"Richardson, Alexa"
5814,16813,"Diaz, Carson"
5815,16814,"Collins, Isabella"
5816,16815,"Brown, Jacob"
5817,16816,"Miller, Julia"
5818,16817,"Peterson, Evan"
5819,16818,"Reed, Gabrielle"
5820,16819,"Cox, Dalton"
5822,16821,"Carter, Mary"
5825,16824,"Munoz, Randall"
5826,16825,"Zeng, Susan"
5827,16826,"Vazquez, Roberto"
5831,16830,"Hall, Alexandra"
5833,16832,"Parker, Isaiah"
5834,16833,"Cooper, Richard"
5836,16835,"Nelson, Noah"
5839,16838,"Griffin, Jonathan"
5840,16839,"Ross, Julia"
5843,16842,"Yang, Jenny"
5844,16843,"Ramos, Jimmy"
5845,16844,"Robinson, Emma"
5846,16845,"Adams, Andrea"
5851,16850,"Jenkins, Jessica"
5852,16851,"Hayes, Kevin"
5853,16852,"She, Kate"
5854,16853,"Bailey, Christina"
5855,16854,"Adams, Seth"
5857,16856,"Rivera, Erin"
5858,16857,"Munoz, Lawrence"
5859,16858,"Lopez, Jan"
5860,16859,"Kumar, Jack"
5861,16860,"Rogers, Haley"
5862,16861,"Sharma, Luis"
5863,16862,"Nelson, Timothy"
5864,16863,"Clark, Kaitlyn"
5865,16864,"Ramirez, Grace"
5866,16865,"Diaz, Jordyn"
5867,16866,"Parker, Alexandra"
5868,16867,"King, Katelyn"
5869,16868,"Jackson, Xavier"
5870,16869,"Patterson, Vanessa"
5872,16871,"Clark, Anna"
5873,16872,"Taylor, Samuel"
5875,16874,"Munoz, Leslie"
5876,16875,"Diaz, Samantha"
5878,16877,"Adams, Katelyn"
5879,16878,"Young, Devin"
5880,16879,"Taylor, Morgan"
5881,16880,"Patel, Edgar"
5882,16881,"Alonso, Ruben"
5883,16882,"Young, Robert"
5884,16883,"Davis, Tyler"
5885,16884,"Miller, Richard"
5886,16885,"Cook, Garrett"
5887,16886,"Flores, Aidan"
5888,16887,"Rivera, Cody"
5889,16888,"Hughes, Arianna"
5890,16889,"Rodriguez, Daniel"
5891,16890,"Reed, Timothy"
5892,16891,"Gonzales, Natalie"
5893,16892,"Evans, Rebecca"
5894,16893,"Howard, Isaac"
5895,16894,"Walker, Abigail"
5896,16895,"Gonzales, Chloe"
5897,16896,"Perez, Natalie"
5898,16897,"Torres, Lauren"
5899,16898,"Reed, Angel"
5900,16899,"Sanchez, Whitney"
5901,16900,"Jones, Miguel"
5902,16901,"Munoz, Ricky"
5904,16903,"Wright, Ian"
5905,16904,"Bailey, Arianna"
5906,16905,"Stewart, Janet"
5908,16907,"Hall, Sarah"
5909,16908,"Patel, Kristi"
5910,16909,"Walker, Chloe"
5912,16911,"Patterson, Caleb"
5913,16912,"Patterson, Dalton"
5914,16913,"Flores, Marcus"
5917,16916,"Dominguez, Cheryl"
5918,16917,"Subram, Brett"
5924,16923,"Gonzales, Connor"
5925,16924,"Price, Julia"
5926,16925,"Patterson, Spencer"
5940,16939,"Evans, Bailey"
5941,16940,"Zeng, Jenny"
5942,16941,"Yang, Amy"
5944,16943,"Garcia, Veronica"
5945,16944,"Raji, Alejandro"
5948,16947,"Stewart, Savannah"
5950,16949,"Flores, Luis"
5963,16962,"Coleman, Zachary"
5964,16963,"Hughes, Faith"
5966,16965,"Romero, Kristi"
5967,16966,"Diaz, Amanda"
5968,16967,"Hernandez, Noah"
5969,16968,"Griffin, Ian"
5970,16969,"Turner, Jackson"
5971,16970,"Foster, Katherine"
5974,16973,"Collins, Katherine"
5975,16974,"Rivera, Paige"
5976,16975,"Lee, Benjamin"
5977,16976,"Xu, Sandra"
5978,16977,"Adams, Noah"
5979,16978,"Rivera, Jeremy"
5980,16979,"Rogers, Kaitlyn"
5981,16980,"Moore, Jill"
5982,16981,"Simmons, Hunter"
5983,16982,"Lopez, Jillian"
5984,16983,"Collins, Gabriel"
5985,16984,"Moreno, Rodney"
5986,16985,"Li, Adam"
5987,16986,"Adams, Sara"
5989,16988,"Bailey, Brian"
5990,16989,"Richardson, Emma"
5991,16990,"Griffin, Zachary"
5992,16991,"Henderson, Brianna"
6000,16999,"Kelly, Chloe"
6001,17000,"Henderson, Miranda"
6002,17001,"Moore, Ashley"
6003,17002,"Martin, Dylan"
6004,17003,"Dominguez, Joanna"
6005,17004,"Torres, Krista"
6006,17005,"Anand, Priscilla"
6007,17006,"Williams, Hunter"
6008,17007,"Hayes, Samuel"
6009,17008,"Turner, Connor"
6010,17009,"Butler, Wyatt"
6011,17010,"James, Brianna"
6012,17011,"Hill, Sara"
6013,17012,"Collins, Joan"
6014,17013,"Mitchell, Gabriella"
6015,17014,"Harris, Michael"
6016,17015,"Patterson, Kelly"
6017,17016,"Hughes, Hailey"
6018,17017,"Jones, Jeremiah"
6019,17018,"Guo, Mandy"
6020,17019,"Hall, Andrea"
6021,17020,"Bryant, Ashley"
6022,17021,"Reed, Nicole"
6023,17022,"Morgan, Karen"
6025,17024,"Diaz, Jacqueline"
6029,17028,"Richardson, Grace"
6030,17029,"Xu, Suzanne"
6031,17030,"Russell, Emily"
6032,17031,"Thomas, Grace"
6033,17032,"Flores, Alexandria"
6034,17033,"Long, Carson"
6036,17035,"Flores, Jordan"
6039,17038,"Wang, Ernest"
6040,17039,"Watson, Ariana"
6041,17040,"Henderson, Adam"
6042,17041,"Perry, Connor"
6083,17082,"Smith, Morgan"
6084,17083,"Raje, Priscilla"
6087,17086,"Anderson, Xavier"
6090,17089,"Zhu, Crystal"
6091,17090,"Alvarez, Leslie"
6092,17091,"Patel, Tammy"
6093,17092,"Beck, Devon"
6094,17093,"Sanchez, Seth"
6097,17096,"Bennett, Samantha"
6101,17100,"Wang, Vincent"
6103,17102,"Goel, Andres"
6104,17103,"Xu, Franklin"
6105,17104,"Rodriguez, Clifford"
6108,17107,"Yuan, Priscilla"
6112,17111,"Chande, Jenny"
6114,17113,"Pal, Clarence"
6115,17114,"Mehta, Jarrod"
6119,17118,"Blue, Sara"
6121,17120,"Raje, Michele"
6122,17121,"Bryant, Lucas"
6123,17122,"Gonzalez, Gabrielle"
6124,17123,"Romero, Pedro"
6125,17124,"Madan, Kaitlin"
6128,17127,"Gray, Makayla"
6129,17128,"Alexander, Fernando"
6130,17129,"Powell, Gabrielle"
6131,17130,"Turner, Janet"
6132,17131,"Henderson, Lauren"
6133,17132,"James, Isabella"
6134,17133,"Kelly, Lucas"
6135,17134,"Mehta, Tabitha"
6136,17135,"Edwards, Richard"
6137,17136,"Ye, Glenn"
6138,17137,"Washington, Jason"
6139,17138,"Jenkins, Melanie"
6140,17139,"Rivera, Jade"
6141,17140,"Peterson, Sean"
6142,17141,"Rogers, Makayla"
6143,17142,"Flores, Seth"
6145,17144,"Griffin, Luis"
6146,17145,"Bennett, Sarah"
6147,17146,"Cook, Juan"
6150,17149,"Richardson, Steven"
6151,17150,"Wright, Wyatt"
6152,17151,"Alexander, Jasmine"
6159,17158,"Nara, Mitchell"
6160,17159,"Ruiz, Kellie"
6161,17160,"Andersen, Louis"
6162,17161,"Lopez, Katherine"
6163,17162,"Blue, Rachel"
6164,17163,"Adams, Edward"
6165,17164,"Clark, Ryan"
6166,17165,"Gonzalez, Isaac"
6167,17166,"Several, Joshua"
6168,17167,"Jenkins, Thomas"
6169,17168,"Perez, Jada"
6170,17169,"Taylor, Emily"
6171,17170,"James, Jasmine"
6172,17171,"Clark, Katherine"
6173,17172,"Adams, Jesse"
6174,17173,"Bryant, David"
6175,17174,"Wood, Angelica"
6177,17176,"Ward, Isaac"
6178,17177,"Hayes, Richard"
6179,17178,"Liang, Trisha"
6180,17179,"Henderson, James"
6181,17180,"Rogers, Timothy"
6182,17181,"Lal, Jenny"
6184,17183,"Sanchez, Shane"
6185,17184,"Dominguez, Eddie"
6190,17189,"Goel, Clarence"
6191,17190,"Rana, Ebony"
6192,17191,"Guo, Gilbert"
6195,17194,"Thompson, Wyatt"
6198,17197,"Nara, Mindy"
6199,17198,"Jiménez, Cheryl"
6200,17199,"Zhou, Dennis"
6201,17200,"She, Russell"
6202,17201,"Yang, Vincent"
6209,17208,"Miller, Jacob"
6210,17209,"James, Jacqueline"
6211,17210,"Deng, Karl"
6216,17215,"Bell, Juan"
6218,17217,"Gill, Raquel"
6221,17220,"Wang, Glenn"
6222,17221,"Navarro, Ricky"
6225,17224,"Li, Mandy"
6261,17260,"King, Sean"
6262,17261,"Shan, Kyle"
6263,17262,"Martin, Kristy"
6265,17264,"Smith, Ian"
6266,17265,"Flores, Grace"
6267,17266,"Hall, Elijah"
6268,17267,"Stewart, Abigail"
6269,17268,"Hughes, Alyssa"
6270,17269,"Russell, Kevin"
6271,17270,"Parker, Jack"
6272,17271,"Griffin, Sarah"
6273,17272,"Hernandez, Mary"
6274,17273,"Torres, Jonathon"
6275,17274,"Lu, Arturo"
6276,17275,"Sanders, Ian"
6277,17276,"Jenkins, Elijah"
6336,17335,"Gonzales, Miguel"
6337,17336,"Sanchez, Chase"
6340,17339,"Hayes, Ian"
6341,17340,"Hernandez, Joy"
6342,17341,"Alonso, Andy"
6343,17342,"Jones, William"
6344,17343,"Price, Tristan"
6345,17344,"Kelly, Timothy"
6350,17349,"Kennedy, Cassie"
6357,17356,"Evans, Mary"
6358,17357,"Miller, Brandon"
6359,17358,"Bell, Sydney"
6360,17359,"Flores, María"
6362,17361,"Harris, Blake"
6363,17362,"Collins, Miguel"
6364,17363,"Harris, Benjamin"
6365,17364,"Perry, Ian"
6366,17365,"Patterson, Thomas"
6367,17366,"Harris, Devin"
6368,17367,"Cooper, Trinity"
6369,17368,"Xie, Alisha"
6370,17369,"Brown, Ethan"
6377,17376,"She, Jaclyn"
6378,17377,"Wood, Isabel"
6379,17378,"Foster, Zachary"
6380,17379,"Morgan, Alexandra"
6381,17380,"Adams, Nathan"
6383,17382,"Allen, Blake"
6384,17383,"Ortega, Craig"
6385,17384,"Prasad, Raymond"
6387,17386,"Scott, Alexandra"
6390,17389,"Butler, Abigail"
6391,17390,"Lewis, Blake"
6392,17391,"Bennett, Angela"
6393,17392,"Jones, Dylan"
6394,17393,"Sharma, Jordan"
6395,17394,"Mehta, Veronica"
6396,17395,"Ramirez, Katherine"
6397,17396,"Rodriguez, Eduardo"
6398,17397,"Cook, Alexandra"
6399,17398,"Lopez, Kaylee"
6400,17399,"Sanchez, Ian"
6402,17401,"Wright, Noah"
6406,17405,"Wu, Tamara"
6407,17406,"Flores, Mariah"
6408,17407,"Bryant, Elizabeth"
6409,17408,"Miller, Thomas"
6413,17412,"Carter, Kaylee"
6414,17413,"Ramirez, Hailey"
6415,17414,"Garcia, Nicholas"
6416,17415,"Beck, Dawn"
6417,17416,"Suri, Raymond"
6418,17417,"Munoz, Lee"
6419,17418,"Ramirez, Victoria"
6420,17419,"Reed, Brianna"
6421,17420,"Hughes, Thomas"
6422,17421,"Henderson, Katherine"
6424,17423,"Alexander, Arianna"
6425,17424,"Long, Spencer"
6426,17425,"Washington, Austin"
6427,17426,"Shan, Donna"
6428,17427,"Russell, Adam"
6429,17428,"Perez, Xavier"
6430,17429,"Carter, Wyatt"
6431,17430,"King, Edward"
6432,17431,"Kelly, Grace"
6433,17432,"Peterson, Mariah"
6434,17433,"Lee, Cameron"
6435,17434,"Russell, Alyssa"
6436,17435,"Mitchell, Edward"
6437,17436,"Ramirez, Evan"
6438,17437,"Baker, Natalie"
6439,17438,"Hughes, Marcus"
6440,17439,"Butler, Jasmine"
6441,17440,"Cox, Richard"
6442,17441,"Turner, Natalie"
6444,17443,"Shen, Kristin"
6445,17444,"Cox, Bailey"
6446,17445,"Hernandez, Natasha"
6447,17446,"Rana, Pamela"
6448,17447,"Lewis, Sydney"
6449,17448,"Hayes, Zachary"
6450,17449,"Adams, Jackson"
6452,17451,"Wood, Isabelle"
6453,17452,"Nath, Mitchell"
6454,17453,"Reed, Hailey"
6455,17454,"Perry, Edward"
6456,17455,"Hayes, Dylan"
6457,17456,"Wood, Trevor"
6458,17457,"Allen, Katherine"
6459,17458,"Collins, Jason"
6460,17459,"Barnes, Cassidy"
6461,17460,"Murphy, Megan"
6462,17461,"Allen, Sara"
6463,17462,"Rogers, Jesse"
6464,17463,"Moore, Nicholas"
6465,17464,"Rodriguez, Jeremy"
6466,17465,"Stewart, Arianna"
6467,17466,"Perez, Thomas"
6468,17467,"Hayes, Wyatt"
6470,17469,"Perez, Ian"
6471,17470,"Carlson, Jaime"
6472,17471,"James, Grace"
6473,17472,"Torres, Meredith"
6474,17473,"Blanco, Ebony"
6475,17474,"King, Jose"
6476,17475,"Green, Jackson"
6478,17477,"Griffin, Miranda"
6481,17480,"Gonzalez, Lucas"
6486,17485,"Davis, Blake"
6487,17486,"Foster, Marissa"
6488,17487,"Green, Nathan"
6489,17488,"Adams, Jason"
6490,17489,"Evans, Jack"
6491,17490,"Moore, Grace"
6499,17498,"Martin, Daniel"
6506,17505,"Mitchell, Hunter"
6519,17518,"Gill, Wendy"
6521,17520,"Baker, Marcus"
6522,17521,"Jenkins, Destiny"
6524,17523,"West, Jordan"
6525,17524,"Washington, Lucas"
6526,17525,"Wright, Adam"
6527,17526,"Gonzales, Tristan"
6528,17527,"Cook, Anna"
6529,17528,"Kapoor, Whitney"
6530,17529,"Mitchell, Chloe"
6531,17530,"Wood, Devin"
6532,17531,"Ramirez, Isaac"
6533,17532,"Patterson, Nathan"
6534,17533,"Baker, Fernando"
6535,17534,"Griffin, Robert"
6536,17535,"Guo, Colleen"
6537,17536,"Robinson, Benjamin"
6538,17537,"Mitchell, Courtney"
6539,17538,"Bell, Brianna"
6541,17540,"Gutierrez, Gloria"
6542,17541,"Zeng, Kristen"
6545,17544,"Rogers, Eduardo"
6546,17545,"Ross, Wyatt"
6547,17546,"James, Melanie"
6548,17547,"Yuan, Alejandro"
6549,17548,"Adams, Kaylee"
6550,17549,"Taylor, Jonathan"
6551,17550,"Edwards, Mason"
6553,17552,"Howard, Julia"
6554,17553,"Sanchez, Summer"
6555,17554,"Harris, Emma"
6556,17555,"Smith, William"
6557,17556,"Powell, Emily"
6558,17557,"Davis, Matthew"
6560,17559,"Suarez, Kari"
6561,17560,"Richardson, Kaylee"
6562,17561,"White, Samantha"
6563,17562,"Sharma, Zachary"
6564,17563,"King, Jeremiah"
6565,17564,"West, Julia"
6566,17565,"Murphy, Alexandra"
6567,17566,"Martinez, Rachel"
6568,17567,"Cook, Nathaniel"
6569,17568,"Perry, Dylan"
6570,17569,"Price, Mya"
6571,17570,"Sanchez, Carlos"
6572,17571,"Li, James"
6573,17572,"Edwards, Lucas"
6574,17573,"Ross, Caroline"
6584,17583,"Cook, Stephanie"
6585,17584,"Liu, Lisa"
6588,17587,"Liang, Curtis"
6589,17588,"Bennett, Gavin"
6590,17589,"Brooks, Melanie"
6591,17590,"Cox, Garrett"
6592,17591,"Hughes, Spencer"
6593,17592,"Sanders, Bryan"
6594,17593,"Butler, Richard"
6595,17594,"Cook, Michelle"
6605,17604,"Robinson, Noah"
6606,17605,"Ma, Jon"
6607,17606,"Peterson, Jacqueline"
6608,17607,"Gonzalez, Frederick"
6609,17608,"Cooper, Carlos"
6610,17609,"Davis, Charles"
6611,17610,"White, Anna"
6612,17611,"Butler, Luis"
6613,17612,"Parker, Courtney"
6615,17614,"Cook, Mason"
6616,17615,"Long, Brittany"
6617,17616,"Weisman, Daniel"
6618,17617,"Simmons, Abigail"
6619,17618,"Liu, Ramon"
6621,17620,"Coleman, Miranda"
6622,17621,"Price, Brianna"
6624,17623,"Robinson, Austin"
6625,17624,"Alexander, Samantha"
6630,17629,"Torres, Tabitha"
6631,17630,"Zhang, Gilbert"
6632,17631,"He, Cara"
6636,17635,"Deng, Terry"
6637,17636,"Srini, Ross"
6638,17637,"Tang, Arturo"
6641,17640,"Allen, Haley"
6653,17652,"Vazquez, Javier"
6659,17658,"Howard, Jade"
6660,17659,"Tang, Jodi"
6661,17660,"Young, Seth"
6662,17661,"Smith, Natalie"
6663,17662,"Washington, Jose"
6664,17663,"Hayes, Elizabeth"
6665,17664,"Robinson, Devin"
6666,17665,"Jenkins, Zachary"
6667,17666,"Torres, Steven"
6668,17667,"Rai, Jaime"
6669,17668,"Peterson, Eduardo"
6670,17669,"Rivera, Olivia"
6671,17670,"Alexander, Gabrielle"
6672,17671,"Stewart, Emma"
6673,17672,"Coleman, Thomas"
6674,17673,"Scott, Amber"
6675,17674,"Wang, Kevin"
6676,17675,"Li, Rosa"
6677,17676,"Yang, Eugene"
6678,17677,"Hernandez, Lawrence"
6679,17678,"Blanco, Julio"
6680,17679,"Mehta, Joe"
6682,17681,"Carter, Robert"
6683,17682,"Ramirez, Anna"
6684,17683,"Evans, Jenna"
6685,17684,"Gomez, Leslie"
6686,17685,"Torres, Diana"
6688,17687,"Turner, Miguel"
6689,17688,"Subram, Pedro"
6690,17689,"Young, Mary"
6691,17690,"Gonzalez, Jenna"
6693,17692,"Smith, Emily"
6694,17693,"Jenkins, Justin"
6695,17694,"Carter, Joan"
6696,17695,"Washington, Hunter"
6697,17696,"Simmons, Madison"
6698,17697,"Gray, Nathaniel"
6699,17698,"Butler, Xavier"
6700,17699,"Bell, Jesse"
6705,17704,"Moreno, Nelson"
6708,17707,"Deng, Mindy"
6719,17718,"Jai, Lindsay"
6723,17722,"Serrano, Jerome"
6739,17738,"Deng, Nicolas"
6742,17741,"Xu, Alvin"
6743,17742,"Romero, Randall"
6746,17745,"Suarez, Tanya"
6747,17746,"Nath, Cedric"
6759,17758,"Gill, Linda"
6762,17761,"Sai, Kristopher"
6763,17762,"Rodriguez, Rachel"
6765,17764,"Garcia, Terrance"
6766,17765,"Zhang, Valerie"
6769,17768,"Parker, Luis"
6770,17769,"Martin, Nathan"
6775,17774,"Gutierrez, Brandi"
6778,17777,"Alvarez, Armando"
6782,17781,"She, Jake"
6784,17783,"Jai, Tracy"
6785,17784,"Patel, Mayra"
6789,17788,"Liu, Jeffery"
6790,17789,"Dominguez, Kari"
6792,17791,"Davis, Sydney"
6797,17796,"Taylor, Eduardo"
6798,17797,"Martinez, Ebony"
6800,17799,"Guo, Alejandro"
6803,17802,"Arun, Erick"
6805,17804,"Torres, Melody"
6807,17806,"Kumar, Omar"
6812,17811,"Hernandez, Stacy"
6818,17817,"Gutierrez, Felicia"
6819,17818,"Yuan, Dale"
6825,17824,"Pal, Mario"
6826,17825,"Li, Clayton"
6833,17832,"Sharma, Cameron"
6834,17833,"Suarez, Monique"
6838,17837,"Garcia, Mayra"
6846,17845,"Diaz, Ebony"
6848,17847,"Lee, Logan"
6849,17848,"Yuan, Jaime"
6852,17851,"Tang, Warren"
6853,17852,"Shan, Lindsey"
6854,17853,"Chen, Ernest"
6855,17854,"Gomez, Shannon"
6857,17856,"Rai, Roger"
6858,17857,"Cabello, Albert"
6860,17859,"Gonzalez, Wyatt"
6861,17860,"Diaz, Noah"
6863,17862,"Baker, Aaron"
6864,17863,"Cooper, Bailey"
6865,17864,"Martinez, Emily"
6867,17866,"Baker, Jack"
6869,17868,"Blue, Richard"
6870,17869,"Mehta, Henry"
6871,17870,"Price, Melissa"
6872,17871,"Patterson, Sydney"
6873,17872,"Miller, Robert"
6874,17873,"She, Alejandro"
6876,17875,"Anand, Tommy"
6877,17876,"Harris, Fernando"
6878,17877,"Blanco, Danny"
6894,17893,"Rai, Omar"
6899,17898,"Sanz, Janet"
6902,17901,"Tang, Keith"
6903,17902,"Lopez, Ruth"
6929,17928,"She, Terrence"
6930,17929,"Rubio, Alfredo"
6935,17934,"Gill, Nelson"
6936,17935,"Jai, Misty"
6941,17940,"Yuan, Tommy"
6942,17941,"Jenkins, David"
6943,17942,"Watson, Steven"
6946,17945,"Rubio, Julio"
6947,17946,"Washington, Jocelyn"
6948,17947,"Srini, Erick"
6953,17952,"Beck, Brendan"
6956,17955,"Zhao, Ronnie"
6964,17963,"Collins, Natalie"
6965,17964,"Suri, Darren"
6971,17970,"Martinez, Erick"
6977,17976,"Carlson, Daisy"
6981,17980,"Hughes, Paige"
6984,17983,"Saunders, Carol"
6985,17984,"Andersen, Barbara"
6986,17985,"Sun, Cedric"
6987,17986,"Malhotra, Monica"
6990,17989,"Sun, Tiffany"
6993,17992,"Ma, Sandra"
6994,17993,"Williams, Richard"
6995,17994,"Xu, Bradley"
6996,17995,"Jimenez, Sabrina"
6999,17998,"Weber, Tammy"
7002,18001,"Suri, Ross"
7003,18002,"Navarro, Gina"
7004,18003,"Chande, Edwin"
7006,18005,"Ramos, Renee"
7007,18006,"Chander, Franklin"
7018,18017,"Shan, Kurt"
7020,18019,"Raji, Yolanda"
7021,18020,"Ruiz, Armando"
7023,18022,"Alvarez, Victor"
7024,18023,"Raji, Terrence"
7028,18027,"Griffin, Alexia"
7030,18029,"Malhotra, Carmen"
7032,18031,"Tang, Shawna"
7034,18033,"Patel, Evelyn"
7035,18034,"Robinson, Ethan"
7036,18035,"Zhang, Karen"
7037,18036,"Sanchez, Bruce"
7046,18045,"Arun, Toni"
7048,18047,"Alvarez, Latasha"
7050,18049,"Watson, Patrick"
7051,18050,"Cooper, Sara"
7053,18052,"Young, Maria"
7054,18053,"Smith, Stefanie"
7057,18056,"Price, Haley"
7058,18057,"Washington, Logan"
7059,18058,"Patterson, Riley"
7060,18059,"Gonzalez, Bailey"
7061,18060,"Carter, Sara"
7062,18061,"Bailey, Jesse"
7063,18062,"Anderson, Dylan"
7064,18063,"Ward, Alexandria"
7065,18064,"Rivera, Catherine"
7067,18066,"He, Steve"
7068,18067,"King, Jackson"
7069,18068,"Walker, Ethan"
7070,18069,"Hill, Elijah"
7071,18070,"Martinez, Alyssa"
7072,18071,"Campbell, Katelyn"
7073,18072,"Perez, Maria"
7074,18073,"Chen, Robert"
7075,18074,"Hall, Julia"
7076,18075,"Adams, Courtney"
7077,18076,"Mehta, Andre"
7080,18079,"Martin, Victoria"
7081,18080,"Richardson, Paige"
7083,18082,"Sanchez, Steven"
7084,18083,"Agbonile, Osarumwense"
7085,18084,"Diaz, Jessica"
7086,18085,"Nath, Christy"
7087,18086,"Zeng, Jaclyn"
7088,18087,"Long, Marcus"
7089,18088,"Stewart, Seth"
7094,18093,"Johnson, Grace"
7095,18094,"Alonso, Roy"
7096,18095,"Campbell, Thomas"
7097,18096,"Kelly, Ariana"
7098,18097,"Stewart, Sydney"
7099,18098,"Lee, Edward"
7100,18099,"Edwards, Marcus"
7101,18100,"Li, Kyle"
7102,18101,"Turner, Bailey"
7103,18102,"Lewis, Nicholas"
7105,18104,"Coleman, Taylor"
7106,18105,"Brooks, Destiny"
7107,18106,"Alexander, Carson"
7108,18107,"Liang, Laura"
7109,18108,"Gao, Colin"
7110,18109,"Campbell, Samuel"
7111,18110,"Li, Austin"
7112,18111,"Morris, Timothy"
7113,18112,"Gonzalez, Sophia"
7114,18113,"Simmons, Abigail"
7115,18114,"Foster, Alexandria"
7116,18115,"Young, Richard"
7118,18117,"Washington, Fernando"
7120,18119,"Nath, Shawn"
7121,18120,"Martin, Isabella"
7122,18121,"Young, Madeline"
7124,18123,"Hughes, Emily"
7125,18124,"Chander, Calvin"
7126,18125,"Cai, Leah"
7131,18130,"Mitchell, Kaitlyn"
7134,18133,"Smith, Karen"
7135,18134,"Romero, Melody"
7140,18139,"Washington, Jennifer"
7141,18140,"White, Anthony"
7146,18145,"So, David"
7147,18146,"Wang, Eugene"
7154,18153,"Gao, Karen"
7155,18154,"She, Calvin"
7158,18157,"Hall, Isabella"
7165,18164,"Wang, Alisha"
7168,18167,"Chander, Raul"
7170,18169,"Liang, Alisha"
7171,18170,"Perez, Adam"
7172,18171,"Zeng, Alejandro"
7177,18176,"Kumar, Bradley"
7181,18180,"Howard, Juan"
7183,18182,"Prasad, Kristi"
7184,18183,"Schmidt, Meagan"
7186,18185,"Huang, Laura"
7224,18223,"Clark, Noah"
7225,18224,"Perry, Vanessa"
7226,18225,"Jenkins, Paige"
7227,18226,"Walker, Joseph"
7228,18227,"Diaz, Miranda"
7229,18228,"Parker, Adam"
7230,18229,"Ward, Gabriella"
7231,18230,"Perry, Brianna"
7232,18231,"Gutierrez, Janet"
7233,18232,"Edwards, Sophia"
7234,18233,"Bailey, Mackenzie"
7235,18234,"Russell, Alexandria"
7236,18235,"Guo, Vincent"
7312,18311,"Mitchell, Jennifer"
7313,18312,"Moore, Miguel"
7314,18313,"Foster, Arianna"
7316,18315,"Dominguez, Melody"
7317,18316,"Kumar, Justin"
7319,18318,"Hughes, Benjamin"
7322,18321,"Cook, Sebastian"
7324,18323,"Clark, Jeremy"
7328,18327,"Sharma, Jon"
7329,18328,"Rai, Alvin"
7340,18339,"Nath, Donna"
7341,18340,"Cooper, Arianna"
7342,18341,"Goel, Russell"
7343,18342,"James, Victoria"
7344,18343,"Green, Dalton"
7345,18344,"Turner, Caleb"
7347,18346,"Flores, Anna"
7348,18347,"Clark, Alyssa"
7349,18348,"Roberts, Katelyn"
7350,18349,"Robinson, Jacob"
7351,18350,"Ross, Emma"
7352,18351,"Smith, Alexander"
7353,18352,"Thomas, Noah"
7354,18353,"Anderson, Robert"
7355,18354,"Nara, Alvin"
7358,18357,"Reed, Trinity"
7359,18358,"Coleman, Oscar"
7360,18359,"Bryant, Alexandria"
7361,18360,"Li, Eric"
7362,18361,"Simmons, Marcus"
7365,18364,"Gray, Eduardo"
7366,18365,"Lewis, Daniel"
7367,18366,"Richardson, Alexandria"
7370,18369,"He, Mandy"
7371,18370,"Flores, Tristan"
7372,18371,"Morgan, Jessica"
7374,18373,"Roberts, Stephanie"
7375,18374,"King, Logan"
7376,18375,"Morris, Michelle"
7377,18376,"Diaz, Abigail"
7379,18378,"Foster, Dalton"
7381,18380,"Kelly, Kaitlyn"
7382,18381,"Ward, Katherine"
7384,18383,"Torres, Natalie"
7385,18384,"Williams, Nicole"
7386,18385,"Gonzalez, Miguel"
7387,18386,"Shan, Kevin"
7388,18387,"Green, Carlos"
7389,18388,"Russell, Julia"
7394,18393,"Ross, Angela"
7395,18394,"Wright, Sean"
7397,18396,"Parker, Luke"
7398,18397,"Anand, Louis"
7399,18398,"Sanchez, Geoffrey"
7400,18399,"Torres, Sara"
7401,18400,"Jackson, Jeremiah"
7403,18402,"Kelly, Kimberly"
7404,18403,"Phillips, Madeline"
7406,18405,"Gutierrez, Sheila"
7407,18406,"Ross, Zachary"
7411,18410,"Davis, Joshua"
7413,18412,"Parker, Mary"
7414,18413,"Jackson, Samuel"
7415,18414,"Griffin, Gabrielle"
7416,18415,"Mehta, Summer"
7417,18416,"Peterson, Emma"
7418,18417,"Roberts, Jonathan"
7419,18418,"Sun, Dawn"
7420,18419,"Johnson, Rachel"
7421,18420,"Stewart, Riley"
7422,18421,"Morgan, Megan"
7423,18422,"Jones, Taylor"
7424,18423,"Jones, Christian"
7425,18424,"Williams, Samuel"
7426,18425,"Brooks, Garrett"
7427,18426,"Gonzales, Luke"
7428,18427,"Diaz, Justin"
7429,18428,"Henderson, Alexis"
7430,18429,"Gonzales, Faith"
7431,18430,"Morgan, Victoria"
7432,18431,"Hayes, Cameron"
7433,18432,"Lopez, Jordan"
7435,18434,"Stone, Clayton"
7436,18435,"Phillips, Maria"
7437,18436,"Johnson, Richard"
7438,18437,"Butler, Isabella"
7439,18438,"Sanz, Sheila"
7440,18439,"Coleman, Angela"
7441,18440,"Ashe, Joe"
7442,18441,"Munoz, Tabitha"
7443,18442,"Hill, Mason"
7449,18448,"Bailey, Jennifer"
7454,18453,"Patterson, Caroline"
7455,18454,"Perez, George"
7456,18455,"Wu, Alejandro"
7457,18456,"Bailey, Timothy"
7460,18459,"Sai, Toni"
7461,18460,"Butler, Faith"
7472,18471,"Stewart, Paige"
7473,18472,"Ross, Hannah"
7476,18475,"Brown, Natalie"
7477,18476,"Rogers, Brooke"
7504,18503,"Peterson, Timothy"
7516,18515,"Patterson, Gabrielle"
7517,18516,"Brooks, Juan"
7518,18517,"Diaz, Tristan"
7519,18518,"Scott, Stephanie"
7520,18519,"Cook, Alex"
7521,18520,"Huang, Rafael"
7522,18521,"Rowe, Meghan"
7523,18522,"Smith, Jeremiah"
7527,18526,"Hernandez, Kevin"
7528,18527,"Baker, Jonathan"
7529,18528,"Rodriguez, John"
7530,18529,"Castro, Albert"
7539,18538,"Mitchell, Ian"
7540,18539,"Russell, Riley"
7541,18540,"Perry, Victoria"
7543,18542,"She, Dustin"
7582,18581,"Dominguez, Melinda"
7583,18582,"Morgan, Bryan"
7584,18583,"Kumar, Luis"
7585,18584,"Evans, Haley"
7586,18585,"Blue, Katherine"
7587,18586,"Patterson, Benjamin"
7588,18587,"Arun, Monica"
7589,18588,"Rogers, Isabella"
7590,18589,"Stewart, Anna"
7616,18615,"Peterson, Charles"
7617,18616,"Butler, Spencer"
7620,18619,"Mehta, Dominic"
7627,18626,"Pal, Tony"
7636,18635,"Martinez, Toni"
7637,18636,"Chapman, Edgar"
7639,18638,"Thompson, Alyssa"
7640,18639,"Scott, Maria"
7641,18640,"James, Isaac"
7644,18643,"Thomas, Joshua"
7646,18645,"Bryant, Jordan"
7647,18646,"Adams, Blake"
7648,18647,"Huang, Christy"
7649,18648,"Torres, Hailey"
7650,18649,"Patterson, Jackson"
7651,18650,"Flores, Kyle"
7652,18651,"Mitchell, Isaiah"
7653,18652,"Diaz, Meredith"
7654,18653,"Madan, Emmanuel"
7655,18654,"Lopez, Thomas"
7656,18655,"Diaz, Eric"
7657,18656,"Clark, Charles"
7658,18657,"Morgan, Alex"
7659,18658,"Turner, Dalton"
7660,18659,"Thompson, Jasmine"
7661,18660,"Anand, Cristina"
7662,18661,"Walker, Daniel"
7663,18662,"Sharma, Kyle"
7664,18663,"Flores, Jason"
7665,18664,"Long, Robert"
7666,18665,"Brooks, Olivia"
7667,18666,"Henderson, Jordyn"
7668,18667,"Ma, Kelli"
7669,18668,"Sanders, Brian"
7670,18669,"Griffin, Adam"
7671,18670,"Bryant, Melanie"
7672,18671,"Kelly, Melanie"
7673,18672,"Lewis, Anthony"
7674,18673,"Green, James"
7676,18675,"Martin, Abigail"
7677,18676,"Young, Jesse"
7679,18678,"Watson, Sean"
7680,18679,"Wood, Seth"
7681,18680,"Shan, David"
7682,18681,"Griffin, Jacqueline"
7683,18682,"Bennett, Emily"
7684,18683,"Walker, Robert"
7685,18684,"Watson, Makayla"
7688,18687,"Smith, Olivia"
7689,18688,"Barnes, Antonio"
7690,18689,"Miller, Miguel"
7691,18690,"Rivera, Carlos"
7751,18750,"Perry, Alexandra"
7752,18751,"Schmidt, Kari"
7753,18752,"Walker, Samantha"
7754,18753,"Moore, James"
7755,18754,"Mitchell, Isabella"
7758,18757,"Srini, Frederick"
7761,18760,"Wood, Morgan"
7762,18761,"Wright, Luis"
7763,18762,"Wilson, Arthur"
7765,18764,"Scott, Natalie"
7766,18765,"Shan, Noah"
7771,18770,"Hernandez, Aaron"
7772,18771,"Green, Robert"
7773,18772,"Hill, Julia"
7774,18773,"Price, Cassidy"
7775,18774,"Flores, Justin"
7776,18775,"Bell, Andrea"
7777,18776,"Allen, Connor"
7778,18777,"Clark, Richard"
7779,18778,"Washington, Miguel"
7780,18779,"Hill, Jose"
7781,18780,"Carter, Evan"
7782,18781,"Lewis, Hunter"
7783,18782,"Reed, Patrick"
7784,18783,"Martin, Michael"
7785,18784,"Brooks, Trinity"
7787,18786,"Chande, Dustin"
7788,18787,"Wood, Mya"
7790,18789,"Robinson, Seth"
7791,18790,"Martin, Julia"
7792,18791,"Blue, Megan"
7793,18792,"Peterson, Gabriella"
7795,18794,"Davis, Andrew"
7798,18797,"Murphy, Evan"
7799,18798,"Allen, Andrea"
7800,18799,"Lewis, Jacob"
7801,18800,"Phillips, Jennifer"
7802,18801,"Yuan, Dawn"
7803,18802,"Shen, Mario"
7804,18803,"Zheng, Cedric"
7805,18804,"Gonzales, Aaron"
7806,18805,"Simpson, Tracy"
7807,18806,"Torres, Kaitlyn"
7808,18807,"Bennett, Spencer"
7809,18808,"Perez, Gabrielle"
7810,18809,"King, Jason"
7811,18810,"Dominguez, Casey"
7814,18813,"Hernandez, Kristy"
7815,18814,"Adams, Evan"
7816,18815,"Rogers, Abigail"
7817,18816,"Smith, Taylor"
7818,18817,"Russell, Brittany"
7819,18818,"Torres, Lucas"
7820,18819,"Bennett, Miranda"
7821,18820,"Cook, Alexandria"
7823,18822,"Ferrier, Gregory"
7824,18823,"Xu, Russell"
7825,18824,"Collins, Elijah"
7826,18825,"Smith, Brandon"
7828,18827,"Raman, Carmen"
7829,18828,"Wright, Morgan"
7830,18829,"Simmons, Jackson"
7831,18830,"Ortega, Kristine"
7832,18831,"Hernandez, Andy"
7833,18832,"Jackson, Dylan"
7834,18833,"Baker, Morgan"
7851,18850,"Hughes, Ethan"
7861,18860,"Foster, Sydney"
7862,18861,"Wood, Ashley"
7863,18862,"Zhang, Luke"
7864,18863,"Scott, Charles"
7865,18864,"Long, Elijah"
7866,18865,"Hayes, Ashley"
7867,18866,"Scott, Miguel"
7868,18867,"Perry, Thomas"
7869,18868,"Long, Adam"
7870,18869,"Flores, Ashley"
7871,18870,"Barnes, Ana"
7873,18872,"Severino, Miguel"
7874,18873,"Rodriguez, Austin"
7875,18874,"Green, Julia"
7877,18876,"Chen, Luke"
7878,18877,"Hall, Evan"
7879,18878,"Ramos, Mallory"
7880,18879,"Morgan, Garrett"
7881,18880,"Sanchez, Jarrod"
7882,18881,"James, Kimberly"
7887,18886,"McDonald, Donald"
7888,18887,"Hernandez, Kari"
7889,18888,"Powell, Devin"
7890,18889,"Murphy, Katelyn"
7891,18890,"Blue, Lauren"
7892,18891,"James, Megan"
7893,18892,"Howard, Chase"
7894,18893,"White, Devin"
7895,18894,"Allen, Eric"
7905,18904,"Thomas, Emma"
7906,18905,"Adams, Samuel"
7911,18910,"Perez, Marco"
7912,18911,"McDonald, Elijah"
7913,18912,"Williams, Tyler"
7914,18913,"Stewart, Jesse"
7915,18914,"Ruiz, Felicia"
7916,18915,"Gonzalez, Sydney"
7917,18916,"Moore, Christian"
7918,18917,"Nelson, Jonathan"
7919,18918,"Ross, Jacqueline"
7921,18920,"Young, Jonathan"
7922,18921,"Bailey, Rachel"
7924,18923,"Kapoor, Cassandra"
7925,18924,"Williams, Rachel"
7934,18933,"Huang, Kelli"
7935,18934,"Moore, Jeremiah"
7936,18935,"Jenkins, Jasmine"
7937,18936,"Collins, Morgan"
7938,18937,"Reed, Ian"
7939,18938,"Lopez, Lucas"
7940,18939,"McDonald, Hunter"
7941,18940,"Bell, Seth"
7942,18941,"Torres, Philip"
7943,18942,"Ortega, Billy"
7944,18943,"Hall, Kaitlyn"
7946,18945,"Cox, Marcus"
7947,18946,"Simmons, Brandon"
7948,18947,"Bryant, Devin"
7949,18948,"Bailey, Sydney"
7950,18949,"Hall, Jackson"
7953,18952,"Hernandez, Chloe"
7954,18953,"Patterson, Mya"
7955,18954,"Young, Dalton"
7956,18955,"Jones, Justin"
7957,18956,"Howard, Sara"
7958,18957,"Lopez, Mackenzie"
7959,18958,"Sanchez, Natalie"
7961,18960,"Johnson, Marcus"
7963,18962,"Parker, Seth"
7964,18963,"Collins, Amber"
7965,18964,"Gonzalez, Thomas"
7966,18965,"Turner, Richard"
7967,18966,"Rai, Carly"
7968,18967,"Clark, Xavier"
7970,18969,"Cox, Anna"
7971,18970,"Roberts, Jason"
7974,18973,"Yuan, Kate"
7975,18974,"Rodriguez, James"
7976,18975,"Bryant, Samuel"
7977,18976,"Howard, Garrett"
7978,18977,"Wang, Jackson"
7980,18979,"Taylor, Noah"
7981,18980,"Hernandez, Sophia"
7982,18981,"Watson, Savannah"
7983,18982,"Baker, Kyle"
7984,18983,"Price, Destiny"
7985,18984,"Rivera, Shelby"
8013,19012,"Bryant, Oscar"
8014,19013,"Phillips, Amanda"
8017,19016,"Wright, Sierra"
8018,19017,"Brooks, Zoe"
8019,19018,"Gray, Nicole"
8020,19019,"Gonzales, Jackson"
8021,19020,"Flores, Jack"
8022,19021,"Russell, Melissa"
8023,19022,"Wood, Samantha"
8024,19023,"Powell, Arianna"
8025,19024,"Russell, Dalton"
8026,19025,"Roberts, Aaron"
8030,19029,"Andersen, Alicia"
8031,19030,"Arun, Marco"
8035,19034,"Diaz, Tabitha"
8036,19035,"Schmidt, Stanley"
8039,19038,"Patel, Joe"
8041,19040,"Sun, Eugene"
8043,19042,"Cai, Ronnie"
8044,19043,"Jones, Jessica"
8047,19046,"Raje, Shawna"
8054,19053,"Jordan, Gerald"
8058,19057,"Ramos, Joanna"
8065,19064,"Madan, Veronica"
8066,19065,"Arun, Michele"
8068,19067,"Luo, Misty"
8069,19068,"Son, Alma"
8082,19081,"Rubio, Leslie"
8108,19107,"Liu, Franklin"
8109,19108,"Stewart, Haley"
8110,19109,"Brooks, Jade"
8111,19110,"Kelly, Jesse"
8112,19111,"Kelly, Mariah"
8113,19112,"Hughes, Victoria"
8115,19114,"Richardson, Natalie"
8116,19115,"Sanchez, Bailey"
8118,19117,"Coleman, Kaitlyn"
8120,19119,"Simmons, Connor"
8121,19120,"Sharma, Caleb"
8122,19121,"Blue, Kaitlyn"
8123,19122,"Hughes, Abigail"
8125,19124,"Bailey, Cody"
8126,19125,"Russell, Cameron"
8127,19126,"Kapoor, Kristopher"
8128,19127,"Sanchez, Alexa"
8129,19128,"Jackson, Madison"
8130,19129,"Simmons, Carson"
8131,19130,"Baker, Madeline"
8132,19131,"Blue, Mason"
8133,19132,"Washington, Benjamin"
8134,19133,"Martinez, Logan"
8135,19134,"Allen, Sierra"
8136,19135,"Brown, Logan"
8137,19136,"Cook, Richard"
8138,19137,"Russell, Eric"
8139,19138,"Coleman, Eric"
8140,19139,"Simmons, Oscar"
8141,19140,"Rogers, Melanie"
8142,19141,"Martinez, Samuel"
8143,19142,"Washington, Dalton"
8144,19143,"Long, Lauren"
8145,19144,"He, Edwin"
8146,19145,"Malhotra, Adriana"
8147,19146,"Morgan, Mariah"
8149,19148,"Ramirez, Cody"
8150,19149,"Parker, Sean"
8152,19151,"Cooper, Ian"
8153,19152,"Walker, Jonathan"
8154,19153,"Griffin, Dylan"
8155,19154,"Sotelo, William"
8156,19155,"Flores, Caroline"
8157,19156,"Jenkins, Julia"
8158,19157,"Thompson, Eduardo"
8159,19158,"Griffin, Destiny"
8160,19159,"Gonzalez, Richard"
8161,19160,"Perez, Sara"
8162,19161,"Hughes, Jeremiah"
8163,19162,"Raji, Peter"
8164,19163,"Bailey, Riley"
8165,19164,"Morgan, Danielle"
8166,19165,"Russell, Miranda"
8167,19166,"Jenkins, Olivia"
8168,19167,"Morgan, Caitlin"
8169,19168,"Kumar, Nathan"
8170,19169,"Bryant, Arianna"
8171,19170,"Campbell, Luis"
8172,19171,"Torres, Melanie"
8177,19176,"Vazquez, Ebony"
8178,19177,"Chander, Donna"
8179,19178,"Miller, Sarah"
8189,19188,"Anderson, Dalton"
8192,19191,"Chande, Keith"
8197,19196,"She, April"
8198,19197,"Sandoval, Briana"
8199,19198,"Brooks, Melissa"
8200,19199,"Williams, David"
8202,19201,"Brooks, Charles"
8203,19202,"Lee, Brianna"
8204,19203,"Navarro, Darren"
8205,19204,"Evans, Sydney"
8207,19206,"Cooper, Destiny"
8209,19208,"Diaz, Angelica"
8210,19209,"Nelson, Alexandra"
8211,19210,"Price, Alexis"
8212,19211,"Lee, Anna"
8213,19212,"Clark, Brianna"
8214,19213,"Simmons, Amanda"
8215,19214,"Powell, Cassidy"
8216,19215,"Hall, Edward"
8217,19216,"Lopez, Gabriel"
8219,19218,"Brooks, Nathaniel"
8220,19219,"Peterson, Mary"
8222,19221,"Williams, Kaitlyn"
8223,19222,"Hall, Jordan"
8226,19225,"Watson, Jeremy"
8227,19226,"Carlson, Neil"
8228,19227,"Nelson, Logan"
8229,19228,"Ramirez, Morgan"
8230,19229,"Robinson, David"
8231,19230,"Moreno, Joy"
8232,19231,"Gill, Meghan"
8234,19233,"Andersen, Omar"
8235,19234,"Zheng, Micah"
8236,19235,"Bennett, Kayla"
8237,19236,"Phillips, Chloe"
8238,19237,"Gomez, Kristy"
8239,19238,"West, Isabella"
8240,19239,"Alexander, Jeremy"
8241,19240,"Jimenez, Theresa"
8242,19241,"Dominguez, Diane"
8243,19242,"Baker, Devin"
8244,19243,"Thomas, James"
8245,19244,"Ward, Sebastian"
8246,19245,"King, Isaiah"
8247,19246,"Campbell, Carlos"
8249,19248,"Black, Sheena"
8250,19249,"Andersen, Chad"
8251,19250,"Wu, Lacey"
8252,19251,"Sai, Brett"
8255,19254,"Sousa, Anibal"
8258,19257,"Jiménez, Dana"
8260,19259,"Lin, Barbara"
8275,19274,"Yang, Karen"
8284,19283,"Sanders, Adrian"
8285,19284,"Romero, Briana"
8286,19285,"Howard, Jacqueline"
8287,19286,"Butler, Kaitlyn"
8289,19288,"Wang, Candice"
8290,19289,"Patel, Johnathan"
8295,19294,"Garcia, Stanley"
8299,19298,"Andersen, Priscilla"
8301,19300,"Hu, Clarence"
8305,19304,"Nelson, Sara"
8312,19311,"Rubio, Dana"
8315,19314,"Beck, Alvin"
8317,19316,"Srini, Raymond"
8322,19321,"Weber, Clifford"
8326,19325,"Chen, Kelli"
8330,19329,"Srini, Nancy"
8331,19330,"Shen, Johnny"
8332,19331,"Hu, Jessie"
8333,19332,"Alan, Kelvin"
8334,19333,"Malhotra, Candace"
8340,19339,"Gomez, Lance"
8341,19340,"Dominguez, Renee"
8345,19344,"Ma, Mandy"
8346,19345,"Prasad, Kaitlin"
8350,19349,"Anand, Warren"
8354,19353,"Gill, Desiree"
8355,19354,"Madan, Abby"
8357,19356,"Ortega, Francis"
8358,19357,"Flores, Ryan"
8365,19364,"Nara, Alejandro"
8366,19365,"Shan, Wayne"
8369,19368,"Anand, Lindsay"
8372,19371,"Mehta, Roy"
8374,19373,"Suri, Rebekah"
8376,19375,"Anand, Omar"
8378,19377,"Chandra, Dominic"
8384,19383,"Nath, Roger"
8385,19384,"Rai, Gilbert"
8386,19385,"Lin, Alisha"
8388,19387,"Rana, Ruth"
8389,19388,"Martin, Alberto"
8392,19391,"Rana, Sergio"
8394,19393,"Anderson, Miguel"
8396,19395,"Zhang, Austin"
8397,19396,"Prasad, Tammy"
8398,19397,"Shen, Terry"
8399,19398,"Gonzales, Dylan"
8402,19401,"Hernandez, Kyle"
8403,19402,"Scott, Jeremiah"
8404,19403,"Cook, Morgan"
8405,19404,"Moore, Nicole"
8406,19405,"Smith, Abigail"
8407,19406,"Travers, Brooke"
8408,19407,"Perry, Sarah"
8409,19408,"Richardson, Taylor"
8410,19409,"Allen, Savannah"
8411,19410,"Adams, Chloe"
8413,19412,"Chander, Jaime"
8414,19413,"Kelly, Xavier"
8416,19415,"Collins, Devin"
8418,19417,"Foster, Alexis"
8421,19420,"Raman, Stanley"
8423,19422,"Gutierrez, Paula"
8429,19428,"Turner, Eric"
8430,19429,"Kelly, Jared"
8433,19432,"Dominguez, Armando"
8439,19438,"Hu, Shannon"
8440,19439,"Xu, Franklin"
8444,19443,"Raman, Dominic"
8450,19449,"Yuan, Nuan"
8451,19450,"Lal, Keith"
8452,19451,"Sara, Pedro"
8454,19453,"Rana, Veronica"
8455,19454,"Sharma, Roger"
8457,19456,"Perez, Jesse"
8473,19472,"Sara, Heidi"
8477,19476,"Anderson, Sarah"
8483,19482,"Ortega, Andy"
8497,19496,"Subram, Edgar"
8502,19501,"Edwards, Allison"
8510,19509,"Suri, Nancy"
8515,19514,"Rodriguez, Kari"
8519,19518,"Arun, Clifford"
8529,19528,"Hall, Bailey"
8530,19529,"Parker, Bailey"
8531,19530,"Liang, Lisa"
8532,19531,"Robinson, John"
8533,19532,"Brown, Victoria"
8534,19533,"Long, Vanessa"
8535,19534,"Torres, Adrian"
8536,19535,"Mitchell, Alex"
8538,19537,"Brooks, Michelle"
8539,19538,"Hall, Connor"
8540,19539,"Raji, Latoya"
8541,19540,"Richardson, Jade"
8543,19542,"Allen, Robert"
8544,19543,"Torres, Evan"
8545,19544,"Price, Katherine"
8546,19545,"Watson, Garrett"
8548,19547,"Patterson, Lauren"
8549,19548,"Howard, Kaitlyn"
8550,19549,"Sharma, Kevin"
8551,19550,"Perez, Lucas"
8552,19551,"Alexander, Samuel"
8553,19552,"Zhu, Margaret"
8634,19633,"Gray, Destiny"
8635,19634,"Nath, Gregory"
8636,19635,"Shan, Dawn"
8637,19636,"Lee, Jessica"
8638,19637,"Long, Eduardo"
8639,19638,"Peterson, Kimberly"
8640,19639,"Gill, Victor"
8642,19641,"Evans, Richard"
8644,19643,"Watson, Jacqueline"
8645,19644,"Gill, Gloria"
8650,19649,"Martin, Elizabeth"
8655,19654,"Alexander, Richard"
8656,19655,"Murphy, Cindy"
8657,19656,"Travers, Sydney"
8658,19657,"Griffin, Emily"
8659,19658,"Russell, Dylan"
8660,19659,"Robinson, Wyatt"
8661,19660,"Hill, Devin"
8664,19663,"Allen, Alex"
8665,19664,"Alexander, Ethan"
8666,19665,"Gonzales, Eduardo"
8669,19668,"Patel, Erick"
8670,19669,"Hill, Hailey"
8671,19670,"Gutierrez, Erik"
8672,19671,"Davis, Michael"
8679,19678,"Rodriguez, Martin"
8680,19679,"Rana, Erick"
8681,19680,"King, Jan"
8683,19682,"Kumar, Eric"
8684,19683,"Parker, Marcus"
8685,19684,"Lee, Alexandra"
8686,19685,"Perez, Brandy"
8687,19686,"Hernandez, Charles"
8688,19687,"Coleman, Connor"
8689,19688,"Baker, Timothy"
8690,19689,"Gonzales, Elizabeth"
8691,19690,"White, Robert"
8692,19691,"Cox, Gabriella"
8693,19692,"Edwards, Aaron"
8695,19694,"Perez, Stephanie"
8696,19695,"Gonzalez, Angel"
8697,19696,"Patterson, Adam"
8698,19697,"Wood, Isabella"
8699,19698,"Barnes, Stephanie"
8701,19700,"Hall, Gabriel"
8709,19708,"Luo, April"
8712,19711,"Cooper, Devin"
8713,19712,"Phillips, Eric"
8714,19713,"Stewart, Morgan"
8715,19714,"Price, Angela"
8716,19715,"Parker, Elijah"
8717,19716,"Martin, Logan"
8718,19717,"Hill, Edward"
8719,19718,"Butler, Taylor"
8720,19719,"Baker, Hunter"
8735,19734,"Weisman, Natalie"
8736,19735,"Reed, Mackenzie"
8737,19736,"Kelly, Rachel"
8738,19737,"Ramirez, Erin"
8739,19738,"Martinez, Henry"
8740,19739,"Perry, Lucas"
8741,19740,"Liang, Connie"
8742,19741,"Rivera, María"
8743,19742,"Russell, Alexia"
8744,19743,"Rana, Holly"
8745,19744,"Cai, Tamara"
8746,19745,"Simmons, Kayla"
8748,19747,"Rai, Louis"
8750,19749,"Jackson, Natalie"
8755,19754,"Rana, Francisco"
8756,19755,"Foster, Lauren"
8757,19756,"Yuan, Nicolas"
8759,19758,"Wright, Alex"
8760,19759,"Barnes, Sydney"
8761,19760,"Russell, Sydney"
8768,19767,"Serrano, Ross"
8769,19768,"Jackson, Christopher"
8770,19769,"Peterson, Andrea"
8775,19774,"Davis, Brianna"
8776,19775,"Cai, Alisha"
8777,19776,"Murphy, Judith"
8778,19777,"Thomas, Jonathan"
8804,19803,"Mehta, Jermaine"
8809,19808,"Kelly, Brooke"
8810,19809,"Sharma, Eric"
8813,19812,"Morgan, Sydney"
8814,19813,"Perez, Rebecca"
8815,19814,"Washington, Blake"
8816,19815,"Thompson, Christian"
8817,19816,"Brown, Lucas"
8819,19818,"Anderson, Brianna"
8820,19819,"Brown, Andrew"
8821,19820,"Coleman, Alexandra"
8822,19821,"Vazquez, Tabitha"
8825,19824,"Perry, Jordan"
8826,19825,"Ferrier, Gilbert"
8832,19831,"Green, Charles"
8833,19832,"Hernandez, Sheila"
8834,19833,"Kelly, Michelle"
8835,19834,"Sharma, Johnny"
8836,19835,"Allen, Jordan"
8838,19837,"Jimenez, Philip"
8839,19838,"Ramirez, Jared"
8841,19840,"James, Jessica"
8842,19841,"Jenkins, Alexandria"
8843,19842,"Phillips, Katherine"
8844,19843,"Kumar, Connor"
8846,19845,"Hernandez, Fernando"
8847,19846,"Patterson, Seth"
8849,19848,"Malhotra, Bryant"
8850,19849,"Wu, Jorge"
8851,19850,"Hill, Jeremiah"
8852,19851,"Pal, Louis"
8853,19852,"Carter, Eric"
8854,19853,"Ramos, Ricky"
8855,19854,"Hall, Katherine"
8857,19856,"Madan, Tammy"
8858,19857,"Rogers, Megan"
8859,19858,"Collins, Jenna"
8860,19859,"Zhao, Lisa"
8861,19860,"Young, Sara"
8862,19861,"Perry, Caroline"
8864,19863,"Powell, Paige"
8865,19864,"Brooks, Isaiah"
8866,19865,"Butler, Hailey"
8867,19866,"Patel, Martin"
8868,19867,"Sanchez, Juan"
8869,19868,"Jenkins, Kyle"
8870,19869,"Brooks, Carol"
8872,19871,"Rivera, Bryce"
8876,19875,"James, Patrick"
8877,19876,"Edwards, Nathan"
8878,19877,"Zheng, Steve"
8879,19878,"Jackson, Morgan"
8880,19879,"Green, Ian"
8881,19880,"Bennett, Emma"
8882,19881,"Long, Aidan"
8883,19882,"Phillips, Richard"
8884,19883,"Young, Kevin"
8886,19885,"Turner, Isaac"
8887,19886,"Butler, Marcus"
8888,19887,"Walker, Olivia"
8889,19888,"Washington, Carson"
8890,19889,"Sanders, Catherine"
8891,19890,"Alvarez, Lee"
8892,19891,"Morgan, Jennifer"
8893,19892,"Campbell, Richard"
8894,19893,"Baker, Evan"
8895,19894,"Sharma, Elijah"
8896,19895,"Jimenez, Ricky"
8897,19896,"Thomas, Kaitlyn"
8898,19897,"Nelson, Gabriella"
8899,19898,"Serrano, Desiree"
8901,19900,"Richardson, Zoe"
8902,19901,"Sara, Ronald"
8905,19904,"Gray, Jasmine"
8910,19909,"Chandra, Geoffrey"
8911,19910,"Rubio, Orlando"
8916,19915,"McDonald, Claudia"
8922,19921,"Cai, Cara"
8925,19924,"Perez, Douglas"
8926,19925,"Jenkins, Madison"
8931,19930,"Tang, Tony"
8932,19931,"Xu, Darryl"
8935,19934,"Blanco, Neil"
8936,19935,"Navarro, Clinton"
8937,19936,"Luo, Corey"
8938,19937,"Gomez, Jimmy"
8945,19944,"Suarez, Jonathon"
8981,19980,"Carter, Alexandra"
8982,19981,"Russell, Kelly"
8983,19982,"Cox, Charles"
8984,19983,"Martinez, Michael"
8985,19984,"Morris, Sara"
8986,19985,"Ma, Tamara"
8987,19986,"Huang, Jamie"
8991,19990,"Rai, Peter"
8992,19991,"Thomas, Jacob"
8993,19992,"Hill, Stephanie"
8994,19993,"Russell, Nathan"
8995,19994,"King, Madeline"
8996,19995,"Gonzales, Jordyn"
8997,19996,"She, Grant"
8999,19998,"Liu, Laura"
9000,19999,"Brooks, Danielle"
9002,20001,"Hill, Jordan"
9003,20002,"White, Elizabeth"
9004,20003,"Gonzalez, Dalton"
9005,20004,"Perez, Kaitlin"
9006,20005,"Zhang, Kevin"
9007,20006,"Morris, Grace"
9009,20008,"Foster, Jack"
9010,20009,"Walker, Noah"
9011,20010,"Carter, Jackson"
9012,20011,"Sanders, Eduardo"
9013,20012,"Robinson, Jessica"
9014,20013,"Hughes, Jocelyn"
9015,20014,"Blanco, Anne"
9016,20015,"King, Jenna"
9017,20016,"Kelly, Katherine"
9018,20017,"Sanders, Anna"
9019,20018,"Gray, Lauren"
9020,20019,"Diaz, Brittany"
9021,20020,"Foster, Jacqueline"
9023,20022,"Perry, Arthur"
9025,20024,"Miller, Fernando"
9026,20025,"Bell, Bryce"
9027,20026,"Richardson, Jasmine"
9028,20027,"Murphy, Danielle"
9029,20028,"Flores, Angela"
9030,20029,"Evans, Jan"
9031,20030,"Harris, Alexander"
9032,20031,"James, Devin"
9033,20032,"Walker, Marcus"
9034,20033,"Turner, Carlos"
9037,20036,"Tang, Kate"
9038,20037,"Sanchez, Alyssa"
9039,20038,"Price, Taylor"
9040,20039,"Evans, Stephanie"
9041,20040,"Rivera, Victoria"
9044,20043,"Zheng, Brent"
9052,20051,"Dominguez, Linda"
9057,20056,"She, Johnny"
9063,20062,"Carson, Russell"
9065,20064,"Prasad, Whitney"
9066,20065,"Lal, Grant"
9067,20066,"White, Marcus"
9068,20067,"Thompson, Destiny"
9069,20068,"Peterson, Alexandria"
9070,20069,"Smith, Jessica"
9075,20074,"Madan, Preston"
9077,20076,"Vazquez, Beth"
9078,20077,"Coleman, Aidan"
9079,20078,"Lee, Jose"
9080,20079,"Taylor, Alexandra"
9081,20080,"Stewart, Maria"
9082,20081,"Xie, Jerry"
9084,20083,"Kumar, Terry"
9089,20088,"Lewis, Jose"
9090,20089,"Powell, Luis"
9091,20090,"Edwards, Blake"
9092,20091,"Parker, Andrea"
9095,20094,"Chande, Lindsey"
9096,20095,"Flores, Ana"
9099,20098,"Lewis, Alexis"
9100,20099,"Xie, Devon"
9101,20100,"Watson, Jesse"
9102,20101,"Hayes, Devin"
9103,20102,"Jenkins, Arianna"
9106,20105,"Taylor, Alexis"
9108,20107,"Morris, Danielle"
9109,20108,"Gao, Glenn"
9110,20109,"Stewart, Katelyn"
9111,20110,"Perry, Austin"
9112,20111,"Zhu, Brittney"
9113,20112,"James, Shelby"
9114,20113,"Murphy, Christina"
9115,20114,"Thompson, Joseph"
9116,20115,"Jones, Megan"
9122,20121,"Butler, Dylan"
9123,20122,"Bailey, Jeremy"
9124,20123,"Gonzalez, Aaron"
9125,20124,"Coleman, Natalie"
9126,20125,"Clark, Natalie"
9127,20126,"Carter, Seth"
9128,20127,"Sanders, Carlos"
9129,20128,"Miller, Ian"
9130,20129,"Stewart, Nicole"
9133,20132,"Shen, Jenny"
9136,20135,"Price, Grace"
9138,20137,"Fernandez, Jarrod"
9139,20138,"Moreno, Kendra"
9140,20139,"Wright, Connor"
9141,20140,"Navarro, Joe"
9144,20143,"Suarez, Jimmy"
9145,20144,"Lin, Roger"
9163,20162,"Nath, Kelsey"
9164,20163,"Zhang, Krystal"
9167,20166,"Gutierrez, Monique"
9169,20168,"Serrano, Jessie"
9170,20169,"Gray, Garrett"
9172,20171,"King, Bailey"
9175,20174,"Gonzalez, Douglas"
9177,20176,"Alexander, Antonio"
9181,20180,"Sanders, Amanda"
9182,20181,"Brooks, Catherine"
9184,20183,"Allen, Sophia"
9185,20184,"Richardson, Jessica"
9186,20185,"Cooper, Xavier"
9188,20187,"King, Robert"
9191,20190,"Reed, Angela"
9192,20191,"Rai, Chad"
9193,20192,"Campbell, Amber"
9194,20193,"Gray, Alyssa"
9195,20194,"Campbell, Connor"
9196,20195,"Wilson, Blake"
9197,20196,"Perry, Cameron"
9198,20197,"Johnson, Olivia"
9199,20198,"Evans, Sierra"
9200,20199,"Cook, Hailey"
9201,20200,"Gonzales, Noah"
9202,20201,"Harris, Chloe"
9204,20203,"Blanco, Roy"
9205,20204,"Carlson, Renee"
9206,20205,"Cox, Bryce"
9208,20207,"Bailey, Angel"
9211,20210,"Powell, Stephanie"
9271,20270,"Phillips, Kevin"
9272,20271,"Fernandez, Barry"
9273,20272,"James, Seth"
9275,20274,"Wang, Brent"
9276,20275,"Kelly, Angela"
9277,20276,"Sanchez, Haley"
9279,20278,"Oliver, Alisha"
9280,20279,"Henderson, Trevor"
9282,20281,"Xie, Karl"
9286,20285,"Alexander, Aaron"
9287,20286,"Wu, Stacey"
9288,20287,"Simmons, Destiny"
9289,20288,"Edwards, Jeremiah"
9290,20289,"Richardson, Jada"
9291,20290,"Simmons, Austin"
9292,20291,"Walker, Alexis"
9293,20292,"Ross, Katherine"
9294,20293,"Jackson, Rachel"
9295,20294,"Davis, Julia"
9296,20295,"Brown, Christopher"
9297,20296,"Diaz, Morgan"
9298,20297,"Wu, Valerie"
9299,20298,"Arun, Edgar"
9302,20301,"Bradley, Gloria"
9303,20302,"Andersen, Tasha"
9304,20303,"Morgan, Bryce"
9305,20304,"Edwards, Jesse"
9306,20305,"Ross, Caleb"
9307,20306,"Baker, Mary"
9308,20307,"Blue, Natalie"
9309,20308,"Uittenbogaard, Pieter"
9311,20310,"Ramirez, Timothy"
9312,20311,"Bell, Cole"
9314,20313,"Bennett, Oscar"
9316,20315,"Ramirez, Devin"
9320,20319,"Alexander, Dylan"
9321,20320,"Nath, Mindy"
9322,20321,"Chen, Colleen"
9323,20322,"Wood, Rachel"
9324,20323,"Coleman, Justin"
9325,20324,"Rodriguez, Ashley"
9326,20325,"Williams, Charles"
9327,20326,"Blue, Paige"
9328,20327,"Perez, Sophia"
9329,20328,"Carter, Sierra"
9330,20329,"Yang, Jose"
9332,20331,"Cox, Jeremy"
9333,20332,"Navarro, Danny"
9334,20333,"Gonzales, Abigail"
9335,20334,"Mitchell, Jeremiah"
9336,20335,"Gonzales, Adam"
9337,20336,"Young, Ian"
9338,20337,"Hall, Xavier"
9339,20338,"James, Anna"
9340,20339,"Hughes, Kaitlyn"
9341,20340,"Kelly, Makayla"
9343,20342,"Lu, Aimee"
9344,20343,"Hill, Sierra"
9345,20344,"Anand, Ashlee"
9346,20345,"Martinez, Regina"
9347,20346,"Washington, Angelica"
9348,20347,"Roberts, Savannah"
9349,20348,"Evans, Chloe"
9350,20349,"Harris, Nicole"
9352,20351,"Gonzalez, Maria"
9353,20352,"Foster, Melissa"
9354,20353,"Phillips, Allison"
9356,20355,"Gray, Melanie"
9357,20356,"Lu, Louis"
9358,20357,"Price, Julian"
9359,20358,"Murphy, Brian"
9360,20359,"Blue, Rachel"
9361,20360,"Russell, Brianna"
9362,20361,"Moreno, Jonathon"
9363,20362,"Gonzalez, Seth"
9364,20363,"Brown, Alexander"
9365,20364,"Jackson, Anna"
9366,20365,"Scott, Isaac"
9367,20366,"Powell, Marcus"
9368,20367,"Anderson, Jessica"
9369,20368,"Jackson, Thomas"
9370,20369,"Barnes, Trevor"
9371,20370,"Young, Blake"
9372,20371,"Bryant, Grace"
9373,20372,"Edwards, Kaitlyn"
9375,20374,"Adams, Fernando"
9377,20376,"Lewis, Destiny"
9378,20377,"Reed, Brian"
9379,20378,"Jai, Nathan"
9380,20379,"Chen, Brittney"
9382,20381,"Bennett, Blake"
9383,20382,"Hernandez, Jack"
9384,20383,"Hernandez, Richard"
9385,20384,"Gonzalez, Luis"
9386,20385,"Patterson, Jason"
9387,20386,"Russell, Anna"
9388,20387,"Adams, Jordan"
9389,20388,"Gill, Natasha"
9390,20389,"Romero, Lee"
9391,20390,"Ramos, Ross"
9392,20391,"Serrano, Meghan"
9393,20392,"Ramirez, Destiny"
9394,20393,"White, Kaitlyn"
9395,20394,"Butler, Emma"
9400,20399,"Rodriguez, Benjamin"
9401,20400,"Henderson, Sydney"
9402,20401,"Jenkins, Hannah"
9406,20405,"Campbell, Isaiah"
9409,20408,"Morgan, Isaac"
9410,20409,"Young, Sophia"
9411,20410,"Jackson, Richard"
9412,20411,"James, Cole"
9413,20412,"Jackson, David"
9414,20413,"Powell, Taylor"
9415,20414,"Bailey, Amanda"
9422,20421,"Alexander, Victoria"
9423,20422,"Brooks, Maria"
9432,20431,"Raje, Corey"
9433,20432,"Sanders, Juan"
9434,20433,"Taylor, Chloe"
9435,20434,"Sharma, Nathan"
9436,20435,"Green, Natalie"
9437,20436,"Barnes, Anna"
9438,20437,"Howard, Gabriella"
9439,20438,"Scott, Robert"
9440,20439,"Rogers, Chloe"
9441,20440,"Hughes, Alexandra"
9443,20442,"Chen, Jorge"
9444,20443,"Cox, Adrian"
9450,20449,"Walker, Rachel"
9458,20457,"Morris, Alexandra"
9459,20458,"Subram, Erick"
9460,20459,"Barnes, Maria"
9462,20461,"Nelson, Mackenzie"
9463,20462,"Mitchell, Haley"
9464,20463,"Bryant, Jasmine"
9465,20464,"Lu, Amy"
9466,20465,"Henderson, Isabel"
9467,20466,"Jai, Benjamin"
9468,20467,"Bennett, Gabrielle"
9470,20469,"Suri, Manuel"
9472,20471,"Gonzalez, Carlos"
9473,20472,"Coleman, Edward"
9474,20473,"Rivera, Mason"
9475,20474,"Turner, Edward"
9476,20475,"Martinez, Blake"
9477,20476,"Long, Destiny"
9478,20477,"Washington, Brandon"
9481,20480,"Cox, Carlos"
9482,20481,"Edwards, Jordan"
9483,20482,"Diaz, Gina"
9485,20484,"Morgan, Gabriella"
9486,20485,"Reed, Richard"
9487,20486,"Butler, Jack"
9488,20487,"White, Alexander"
9489,20488,"Foster, Cassidy"
9490,20489,"Davis, Jacob"
9491,20490,"Roberts, Kaylee"
9492,20491,"Perry, Dakota"
9494,20493,"Jackson, Matthew"
9495,20494,"Peterson, Jesse"
9496,20495,"Wang, Wesley"
9497,20496,"Roberts, Jada"
9498,20497,"Javier Castrejón, Francisco"
9502,20501,"Nelson, Morgan"
9503,20502,"Harris, John"
9504,20503,"Jai, Tony"
9505,20504,"Tangirala, Rakesh"
9508,20507,"Anderson, Joshua"
9510,20509,"Murphy, Alexandria"
9511,20510,"Cox, Caitlin"
9512,20511,"Taylor, Matthew"
9513,20512,"Parker, Sydney"
9514,20513,"Smith, Joseph"
9515,20514,"Griffin, Hannah"
9516,20515,"Edwards, Jenna"
9517,20516,"Russell, Gabriel"
9519,20518,"Sanz, Desiree"
9521,20520,"Srini, Cassandra"
9522,20521,"Carlson, Gina"
9523,20522,"Parker, Kevin"
9524,20523,"Howard, Emma"
9525,20524,"Jenkins, Angelica"
9526,20525,"Kumar, James"
9527,20526,"Alexander, Brittany"
9528,20527,"Harris, Sydney"
9530,20529,"Jackson, Destiny"
9531,20530,"Jenkins, Mariah"
9532,20531,"Young, James"
9533,20532,"Watson, Joan"
9534,20533,"Perry, Luis"
9535,20534,"Lopez, Dalton"
9536,20535,"Torres, Riley"
9537,20536,"Gray, Taylor"
9538,20537,"Evans, Thomas"
9539,20538,"Bennett, Hailey"
9540,20539,"Baker, Luis"
9541,20540,"Flores, Jasmine"
9542,20541,"Hernandez, Allison"
9543,20542,"Green, Hailey"
9544,20543,"Miller, Seth"
9545,20544,"Hall, Dalton"
9546,20545,"Butler, Vanessa"
9549,20548,"Rodriguez, Phillip"
9550,20549,"Morris, Jennifer"
9555,20554,"Tang, Donna"
9556,20555,"Raje, Kelvin"
9557,20556,"Sun, Glenn"
9561,20560,"Raji, Mindy"
9564,20563,"Blanco, Kendra"
9573,20572,"Diaz, Caroline"
9575,20574,"Patel, Brett"
9584,20583,"Wang, Kristen"
9585,20584,"Schmidt, Molly"
9591,20590,"Zhang, Todd"
9592,20591,"Tang, Kara"
9599,20598,"Powell, Jackson"
9636,20635,"Young, Nathan"
9637,20636,"Patterson, Olivia"
9645,20644,"Brooks, Patrick"
9647,20646,"Chen, Ryan"
9648,20647,"Bailey, Jared"
9649,20648,"Mitchell, Jordan"
9650,20649,"Ramirez, Natalie"
9651,20650,"Gray, Bryan"
9653,20652,"Scott, Amanda"
9654,20653,"White, Jessica"
9655,20654,"Murphy, Taylor"
9656,20655,"Butler, Edward"
9658,20657,"Russell, Blake"
9659,20658,"Campbell, Kaylee"
9660,20659,"Baker, Xavier"
9661,20660,"Cox, Christina"
9662,20661,"Diaz, Taylor"
9663,20662,"Perry, Taylor"
9664,20663,"Stewart, Kaitlyn"
9665,20664,"Watson, Isaiah"
9667,20666,"Rai, Lacey"
9668,20667,"Pal, Jodi"
9669,20668,"Rothenberg, Eric"
9672,20671,"Sanchez, Ronald"
9673,20672,"Ross, Fernando"
9674,20673,"Washington, Dylan"
9675,20674,"Butler, Samuel"
9676,20675,"Martin, Natalie"
9677,20676,"Parker, Carlos"
9678,20677,"Bailey, Trinity"
9679,20678,"Lin, Martha"
9682,20681,"Moreno, Walter"
9683,20682,"Davis, John"
9684,20683,"Mitchell, Amanda"
9685,20684,"Lee, Olivia"
9686,20685,"Powell, Mariah"
9687,20686,"Nelson, Lucas"
9688,20687,"Campbell, Rebecca"
9689,20688,"Ramirez, Steven"
9690,20689,"Green, Connor"
9691,20690,"Torres, Nathaniel"
9693,20692,"Lewis, John"
9694,20693,"Perry, Zachary"
9696,20695,"Brown, Joshua"
9697,20696,"Gonzales, Ethan"
9698,20697,"Schmidt, Stefanie"
9699,20698,"Chandra, Darren"
9700,20699,"Wang, Hunter"
9701,20700,"Scott, Marcus"
9702,20701,"Anderson, Liz"
9703,20702,"Ross, Oscar"
9704,20703,"White, Seth"
9705,20704,"Rodriguez, Shane"
9706,20705,"Roberts, Kevin"
9707,20706,"Gonzalez, Haley"
9708,20707,"Stewart, Danielle"
9710,20709,"Evans, Samuel"
9716,20715,"Kapoor, Henry"
9717,20716,"Arun, Kristina"
9720,20719,"Alvarez, Lawrence"
9721,20720,"Subram, Regina"
9723,20722,"Serrano, Kellie"
9724,20723,"Zhu, Cedric"
9727,20726,"Romero, Beth"
9728,20727,"Ye, Arturo"
9730,20729,"Zhou, Aimee"
9732,20731,"Kovár, Andre"
9733,20732,"Walker, Joshua"
9734,20733,"Luo, Sheena"
9736,20735,"Cooper, Caitlin"
9738,20737,"Griffin, Victoria"
9739,20738,"Kelly, Alex"
9740,20739,"Carter, Kaitlyn"
9742,20741,"Foster, Jocelyn"
9743,20742,"Stewart, Isabella"
9744,20743,"Howard, Arianna"
9745,20744,"Barnes, Amanda"
9748,20747,"Vazquez, Melody"
9749,20748,"Watson, Stephanie"
9750,20749,"Morgan, Joan"
9751,20750,"King, Katherine"
9752,20751,"Arthur, Jermaine"
9753,20752,"Simmons, Christian"
9754,20753,"Kelly, Taylor"
9755,20754,"Davis, Ian"
9756,20755,"Lopez, Alex"
9758,20757,"Powell, Alexia"
9759,20758,"Sanders, Jesse"
9760,20759,"Serrano, Teresa"
9762,20761,"Washington, Jonathan"
9763,20762,"King, Jennifer"
9764,20763,"Carter, Lucas"
9766,20765,"Lopez, Wyatt"
9767,20766,"Morgan, Charles"
9768,20767,"Thomas, Rachel"
9769,20768,"Nara, Marshall"
9770,20769,"Sanders, Michelle"
9771,20770,"Mitchell, Carlos"
9773,20772,"Garcia, Samantha"
9775,20774,"Miller, Anthony"
9776,20775,"Alonso, Bruce"
9777,20776,"Long, Haley"
9778,20777,"Sharma, Carly"
9779,20778,"Ramirez, Seth"
9780,20779,"Russell, Maria"
9781,20780,"White, Michael"
9783,20782,"Ye, Alan"
9785,20784,"Walker, Eduardo"
9788,20787,"Pal, Bridget"
9789,20788,"Gonzalez, Sara"
9790,20789,"Williams, Miguel"
9791,20790,"Harrison, Kayla"
9792,20791,"Patterson, Ryan"
9799,20798,"Munoz, Mathew"
9800,20799,"Raje, Peter"
9806,20805,"Williams, Brandon"
9809,20808,"Jai, Julie"
9829,20828,"Shan, Jaclyn"
9830,20829,"Diaz, Andy"
9831,20830,"Martinez, Whitney"
9832,20831,"Xu, Drew"
9834,20833,"Sai, Douglas"
9836,20835,"Gutierrez, Ruben"
9837,20836,"Chandra, Stanley"
9842,20841,"Alonso, Jésus"
9843,20842,"Moreno, Tyrone"
9844,20843,"Shan, Jose"
9846,20845,"Malhotra, Barry"
9848,20847,"Young, Kyle"
9855,20854,"Raji, Kara"
9861,20860,"Lopez, Preston"
9862,20861,"Nara, Nicolas"
9866,20865,"Ross, Luis"
9871,20870,"Moreno, Jaime"
9872,20871,"Arthur, Adriana"
9874,20873,"Subram, Joel"
9875,20874,"Lal, Edwin"
9877,20876,"Alexander, Jackson"
9894,20893,"Hall, Robert"
9897,20896,"Sai, Arthur"
9899,20898,"Ferrier, Grant"
9904,20903,"Diaz, Robyn"
9909,20908,"Foster, Wyatt"
9913,20912,"Hu, Christy"
9914,20913,"Liu, Wesley"
9915,20914,"Zeng, Gilbert"
9917,20916,"Carlson, Kathleen"
9924,20923,"Powell, Isabella"
9925,20924,"Sanz, Alberto"
9928,20927,"Martinez, Tammy"
9929,20928,"Kapoor, Raymond"
9931,20930,"Chande, Drew"
9938,20937,"Williams, Natalie"
9940,20939,"Johnson, Joshua"
9946,20945,"Tang, Roger"
9947,20946,"Chandra, Abby"
9959,20958,"Alonso, Gerald"
9968,20967,"Rowe, Casey"
9971,20970,"Richardson, Isaiah"
9979,20978,"Srini, Bruce"
9980,20979,"Jimenez, Diane"
9981,20980,"Miller, Matthew"
9982,20981,"Romero, Craig"
10007,21006,"Young, Sydney"
10008,21007,"Ma, Nuan"
10009,21008,"Carlson, Melody"
10010,21009,"Sandberg, Clinton"
10011,21010,"Navarro, Ruben"
10016,21015,"Hernandez, Diane"
10017,21016,"Kapoor, Michele"
10030,21029,"Martin, Kristi"
10033,21032,"Shan, Brendan"
10036,21035,"Sanchez, Roy"
10038,21037,"Arun, Bruce"
10043,21042,"Liang, Jon"
10044,21043,"McDonald, Johnathan"
10048,21047,"Andersen, Sheena"
10052,21051,"Alonso, Sabrina"
10053,21052,"Xu, Sheena"
10056,21055,"Carlson, Kristi"
10058,21057,"Butler, Elizabeth"
10066,21065,"Thompson, Robert"
10074,21073,"Kelly, Catherine"
10076,21075,"Rana, Manuel"
10077,21076,"Nath, Terrence"
10083,21082,"Edwards, Jason"
10086,21085,"Vazquez, Leslie"
10087,21086,"Bell, Katelyn"
10088,21087,"Scott, Rebecca"
10092,21091,"Jenkins, Ashley"
10097,21096,"Lin, Jon"
10098,21097,"Ruiz, Gary"
10101,21100,"Zhang, Sandra"
10103,21102,"Zheng, Willie"
10108,21107,"Rodriguez, Kaitlin"
10109,21108,"Martin, Kristine"
10110,21109,"Pal, Katie"
10115,21114,"Murphy, Savannah"
10116,21115,"Raman, Bobby"
10121,21120,"Chen, Roger"
10129,21128,"Andersen, Kenneth"
10130,21129,"Wang, Rafael"
10132,21131,"Nath, Gilbert"
10140,21139,"Adams, Alex"
10141,21140,"Diaz, Byron"
10142,21141,"Li, Omar"
10143,21142,"Brooks, Mason"
10144,21143,"Campbell, Allison"
10145,21144,"Richardson, Lucas"
10146,21145,"Lal, Mindy"
10147,21146,"Taylor, Robert"
10148,21147,"Rogers, Angel"
10150,21149,"Diaz, Miguel"
10151,21150,"Ramirez, Alyssa"
10152,21151,"Campbell, Aaron"
10153,21152,"Hill, Amanda"
10154,21153,"Thompson, James"
10155,21154,"Clark, Michael"
10156,21155,"Flores, Jeremiah"
10157,21156,"Lopez, Maria"
10158,21157,"Perry, Robert"
10159,21158,"Patterson, Trevor"
10164,21163,"Williams, William"
10165,21164,"Raman, Troy"
10234,21233,"Smith, Christopher"
10235,21234,"Rivera, Brianna"
10236,21235,"Hernandez, Stephanie"
10237,21236,"Peterson, Adrian"
10238,21237,"Washington, Luke"
10241,21240,"Jenkins, Aaron"
10242,21241,"Griffin, Carson"
10243,21242,"Patterson, Morgan"
10244,21243,"Bailey, Juan"
10245,21244,"Torres, Allison"
10246,21245,"Rodriguez, Samantha"
10247,21246,"Nelson, Samuel"
10248,21247,"Sanders, Alex"
10251,21250,"Coleman, Fernando"
10254,21253,"Williams, Victoria"
10261,21260,"Howard, Ariana"
10262,21261,"Kelly, Jessica"
10263,21262,"Edwards, Sara"
10265,21264,"Butler, Caleb"
10266,21265,"Stone, Richard"
10268,21267,"Parker, Charles"
10269,21268,"Lewis, Elizabeth"
10270,21269,"Clark, Blake"
10271,21270,"Jackson, Daniel"
10272,21271,"Wang, Thomas"
10274,21273,"Thomas, Jennifer"
10275,21274,"Scott, Seth"
10276,21275,"Cox, Abigail"
10279,21278,"King, Julia"
10281,21280,"Walker, Justin"
10282,21281,"Hill, Andrea"
10283,21282,"Smith, Julia"
10286,21285,"Rivera, Mackenzie"
10287,21286,"Roy, Luke"
10288,21287,"Jimenez, Kendra"
10289,21288,"Hall, Hunter"
10290,21289,"Wang, Warren"
10291,21290,"Torres, Angel"
10292,21291,"Morris, Rachel"
10293,21292,"Martinez, Austin"
10294,21293,"Garcia, Ashley"
10295,21294,"Foster, David"
10297,21296,"Hall, Luis"
10298,21297,"Murphy, Melanie"
10299,21298,"Collins, Noah"
10300,21299,"Gonzales, Hannah"
10301,21300,"Morgan, Kaylee"
10302,21301,"Gonzalez, Sierra"
10303,21302,"Foster, Logan"
10304,21303,"Jenkins, Sydney"
10305,21304,"Cooper, Jada"
10308,21307,"Jones, Olivia"
10310,21309,"Anderson, Julia"
10311,21310,"Hayes, Mariah"
10313,21312,"Scott, Connor"
10314,21313,"Diaz, Beth"
10315,21314,"Patterson, Devin"
10316,21315,"Sanz, Audrey"
10317,21316,"Thompson, John"
10318,21317,"Rivera, Lauren"
10320,21319,"Lee, Zachary"
10321,21320,"Coleman, Hannah"
10322,21321,"Jai, Jon"
10323,21322,"Ramirez, Carlos"
10324,21323,"Jackson, Robert"
10325,21324,"Baker, Chloe"
10326,21325,"Hayes, Angela"
10327,21326,"Green, Andrea"
10328,21327,"Washington, Connor"
10329,21328,"Nelson, Xavier"
10330,21329,"Brown, Wyatt"
10331,21330,"Clark, Isabella"
10334,21333,"Allen, Mackenzie"
10335,21334,"Nelson, Mason"
10336,21335,"Coleman, Ana"
10338,21337,"Smith, Jennifer"
10339,21338,"Price, Victoria"
10341,21340,"Wang, Adam"
10342,21341,"Liu, Louis"
10343,21342,"Xie, Tonya"
10344,21343,"Zeng, Colin"
10345,21344,"Perry, Trevor"
10347,21346,"Rodriguez, Christian"
10351,21350,"Sharma, Mindy"
10352,21351,"Coleman, James"
10354,21353,"Wu, Karen"
10356,21355,"Diaz, Mya"
10357,21356,"Evans, Gabriella"
10358,21357,"Nelson, Jada"
10359,21358,"Reed, Cody"
10369,21368,"Collins, Mason"
10370,21369,"Rodriguez, Sarah"
10386,21385,"Peterson, Nicole"
10387,21386,"Wood, Abigail"
10389,21388,"Lee, Nicole"
10396,21395,"Hughes, Alexia"
10397,21396,"Martinez, Megan"
10398,21397,"Howard, Mason"
10399,21398,"Diaz, Ethan"
10400,21399,"Hughes, Ian"
10402,21401,"Powell, Eric"
10411,21410,"Zhang, Eric"
10412,21411,"Kelly, Maria"
10414,21413,"Robinson, Dalton"
10415,21414,"Butler, Aaron"
10416,21415,"Sanchez, Sydney"
10417,21416,"Butler, Ryan"
10418,21417,"Torres, Gabrielle"
10420,21419,"Ma, Gilbert"
10421,21420,"Carter, Isabella"
10422,21421,"Ross, Ashley"
10423,21422,"Wood, Karen"
10425,21424,"Alexander, Emily"
10426,21425,"Hall, Carlos"
10427,21426,"Raje, Jon"
10428,21427,"Foster, Kelly"
10429,21428,"Brooks, Jada"
10430,21429,"Sandberg, Isabella"
10431,21430,"Morgan, Savannah"
10433,21432,"Ward, Melanie"
10434,21433,"Martinez, Gerald"
10435,21434,"Smith, Isabella"
10436,21435,"Alexander, Connor"
10437,21436,"Serrano, Brandi"
10438,21437,"Sara, Whitney"
10439,21438,"Price, Edward"
10440,21439,"Clark, Thomas"
10441,21440,"Morgan, Ian"
10443,21442,"Cook, Savannah"
10444,21443,"Morgan, Zoe"
10445,21444,"Lopez, Blake"
10446,21445,"Evans, Madeline"
10449,21448,"Nelson, Jenna"
10450,21449,"Raheem, Devon"
10452,21451,"Ross, Jocelyn"
10453,21452,"Bailey, Seth"
10455,21454,"Goldstein, Alvin"
10456,21455,"Shan, Samuel"
10457,21456,"Gonzales, Dalton"
10458,21457,"Serrano, Jamie"
10459,21458,"Price, Carson"
10460,21459,"Alexander, Luis"
10461,21460,"Carter, Jack"
10463,21462,"Nelson, Katelyn"
10464,21463,"Roberts, Logan"
10466,21465,"Shan, Austin"
10467,21466,"Jones, Austin"
10468,21467,"Harris, David"
10469,21468,"Yang, Ethan"
10470,21469,"Bell, Caitlin"
10471,21470,"Jenkins, Stephanie"
10473,21472,"Ward, Patrick"
10474,21473,"Rubio, Stacy"
10475,21474,"Gray, Lucas"
10476,21475,"Alexander, Cassidy"
10477,21476,"Jenkins, Hunter"
10478,21477,"Watson, Katelyn"
10479,21478,"Reed, Abigail"
10480,21479,"Foster, Noah"
10482,21481,"Diaz, Jose"
10492,21491,"Lewis, Joseph"
10493,21492,"Jai, Robert"
10494,21493,"Coleman, Carson"
10496,21495,"Hughes, James"
10497,21496,"Rai, Nichole"
10498,21497,"Cox, Patrick"
10499,21498,"Wilson, Cameron"
10500,21499,"Ramirez, Bailey"
10501,21500,"Long, Devin"
10503,21502,"Clark, Morgan"
10504,21503,"Long, Melanie"
10505,21504,"Torres, Chloe"
10507,21506,"Gutierrez, Randall"
10511,21510,"Perry, Carol"
10515,21514,"Zhu, Krystal"
10520,21519,"Becker, Franklin"
10524,21523,"Green, Timothy"
10527,21526,"Munoz, Jonathon"
10529,21528,"Moreno, Jay"
10533,21532,"Turner, Sierra"
10537,21536,"Rubio, Billy"
10538,21537,"Navarro, Gloria"
10547,21546,"Garcia, Cory"
10550,21549,"Ruiz, Jerome"
10551,21550,"Deng, Kara"
10575,21574,"Lewis, Fernando"
10576,21575,"Foster, Justin"
10577,21576,"Gonzales, Benjamin"
10579,21578,"Green, Jordan"
10580,21579,"Jackson, Wyatt"
10584,21583,"Lal, Jaclyn"
10585,21584,"Bryant, Gavin"
10586,21585,"Gray, Trinity"
10587,21586,"Foster, Stephanie"
10588,21587,"Roberts, Jenna"
10589,21588,"Martin, Theodore"
10591,21590,"Gonzales, Taylor"
10592,21591,"Goel, Clayton"
10593,21592,"Reed, Christina"
10594,21593,"Roberts, Marcus"
10595,21594,"Moore, Brianna"
10597,21596,"Wright, Luke"
10598,21597,"Jones, Jose"
10599,21598,"Perez, Chloe"
10600,21599,"Lopez, Sara"
10601,21600,"Bell, Alexa"
10602,21601,"Bell, Jacqueline"
10603,21602,"Malhotra, Manuel"
10604,21603,"Barnes, Seth"
10605,21604,"Howard, Melanie"
10606,21605,"Ye, Brittney"
10607,21606,"Roberts, Connor"
10608,21607,"Torres, Bryce"
10609,21608,"Griffin, David"
10610,21609,"Blanco, Tabitha"
10611,21610,"Edwards, Caleb"
10612,21611,"Wilson, Ethan"
10613,21612,"Foster, Spencer"
10616,21615,"Torres, Grace"
10617,21616,"Wood, Carson"
10618,21617,"Miller, Jennifer"
10620,21619,"Patterson, Angela"
10624,21623,"Diaz, Connor"
10625,21624,"Price, Faith"
10626,21625,"Hall, Jennifer"
10627,21626,"Garcia, Brianna"
10628,21627,"Roberts, Bailey"
10629,21628,"Xu, Kelli"
10631,21630,"Jenkins, Faith"
10633,21632,"Liang, Jaclyn"
10634,21633,"Zhang, Cameron"
10635,21634,"Cook, Arianna"
10636,21635,"Lewis, Christian"
10637,21636,"Rivera, Katherine"
10638,21637,"Lewis, Richard"
10639,21638,"Harris, Olivia"
10640,21639,"Wilson, Anthony"
10641,21640,"Cooper, Charles"
10642,21641,"Perez, Kaylee"
10644,21643,"Diaz, Wyatt"
10645,21644,"Howard, Sydney"
10646,21645,"Alexander, Spencer"
10647,21646,"Bryant, Luis"
10648,21647,"Brown, Blake"
10649,21648,"Sun, Ronnie"
10650,21649,"Nara, Keith"
10651,21650,"Zeng, Cedric"
10652,21651,"Cooper, Sean"
10654,21653,"Anderson, Jose"
10655,21654,"Barnes, Aidan"
10658,21657,"Green, Sara"
10661,21660,"Watson, Allison"
10662,21661,"Champion, Terry"
10664,21663,"Goel, Kenneth"
10667,21666,"Jimenez, Leslie"
10668,21667,"Zhang, Crystal"
10673,21672,"Gomez, Craig"
10675,21674,"Morris, Jada"
10681,21680,"Torres, Ricky"
10682,21681,"Ortega, Casey"
10686,21685,"Green, Bailey"
10687,21686,"Ortega, Albert"
10688,21687,"Brown, Sarah"
10689,21688,"Morris, Jesse"
10690,21689,"Simmons, Olivia"
10693,21692,"Ward, Savannah"
10694,21693,"Ashe, Alyssa"
10695,21694,"Sai, Bobby"
10696,21695,"Rodriguez, Ethan"
10697,21696,"Watson, Gabrielle"
10698,21697,"Powell, Dalton"
10699,21698,"She, Tracy"
10700,21699,"Sharma, Logan"
10701,21700,"Ramirez, Juan"
10702,21701,"Sanders, Abigail"
10705,21704,"Martinez, Charles"
10706,21705,"Sharma, Warren"
10707,21706,"Murphy, Haley"
10708,21707,"Simmons, Cassidy"
10709,21708,"Brooks, Andrea"
10710,21709,"Torres, Katherine"
10712,21711,"Gray, Hailey"
10715,21714,"Patel, Carmen"
10716,21715,"Ross, Jonathan"
10717,21716,"Sara, Gerald"
10718,21717,"King, Angel"
10719,21718,"Roberts, Devin"
10720,21719,"Torres, Morgan"
10721,21720,"Jai, Raul"
10722,21721,"Campbell, Sara"
10723,21722,"Wood, Spencer"
10724,21723,"Huang, Tiffany"
10725,21724,"Yang, Mandy"
10729,21728,"Harris, Madison"
10730,21729,"Morgan, Alexandria"
10731,21730,"Campbell, Noah"
10732,21731,"Diaz, Alexandra"
10734,21733,"Simmons, Ian"
10735,21734,"Garcia, Grace"
10744,21743,"Rubio, Theresa"
10745,21744,"Perry, Emma"
10747,21746,"Hernandez, Xavier"
10748,21747,"Munoz, Derrick"
10749,21748,"Harris, Wyatt"
10750,21749,"Williams, Ashley"
10751,21750,"Reed, Carlos"
10752,21751,"Jackson, Logan"
10754,21753,"Robinson, Morgan"
10755,21754,"Lopez, Kaitlyn"
10756,21755,"White, Lucas"
10757,21756,"Carter, Allison"
10758,21757,"Wang, Elijah"
10759,21758,"Malhotra, Patricia"
10763,21762,"Hernandez, Andrea"
10764,21763,"Brown, Madison"
10766,21765,"Kelly, Nathaniel"
10767,21766,"Baker, Jesse"
10768,21767,"Ramirez, Mariah"
10770,21769,"Rubio, Michele"
10771,21770,"Thomas, Brandon"
10772,21771,"Shen, Sheena"
10773,21772,"Patterson, Sarah"
10774,21773,"Rogers, Alyssa"
10775,21774,"James, Brian"
10776,21775,"Ramirez, Sean"
10777,21776,"Thompson, Daniel"
10779,21778,"Shen, Louis"
10780,21779,"Black, Maurice"
10781,21780,"Gonzalez, Pedro"
10782,21781,"Rivera, Jared"
10783,21782,"Martin, Blake"
10784,21783,"Goel, Kate"
10785,21784,"Hernandez, Mackenzie"
10786,21785,"Rodriguez, Tabitha"
10787,21786,"Bennett, Alexis"
10788,21787,"Allen, Rebecca"
10789,21788,"Barnes, Spencer"
10790,21789,"Griffin, Lauren"
10791,21790,"Diaz, James"
10792,21791,"Price, Richard"
10794,21793,"Scott, Kaylee"
10795,21794,"James, Alyssa"
10796,21795,"Bennett, Tristan"
10798,21797,"Gao, Kelvin"
10799,21798,"Sanders, Jade"
10800,21799,"Cook, Angel"
10801,21800,"Raman, Heidi"
10802,21801,"Cooper, Kaylee"
10803,21802,"Roberts, Lucas"
10805,21804,"Cook, Brooke"
10806,21805,"Russell, Lucas"
10807,21806,"Xie, Kelvin"
10808,21807,"Campbell, Amanda"
10809,21808,"Green, Amanda"
10810,21809,"Thompson, Sydney"
10811,21810,"Miller, Justin"
10812,21811,"Williams, Olivia"
10813,21812,"Bailey, Adrian"
10815,21814,"Edwards, Noah"
10817,21816,"Roberts, Jackson"
10822,21821,"Tang, Clayton"
10824,21823,"She, Lacey"
10826,21825,"Zhou, Randy"
10827,21826,"Russell, Abigail"
10828,21827,"Gutierrez, Mallory"
10829,21828,"Gonzales, Megan"
10834,21833,"Gonzalez, Terrance"
10835,21834,"Mehta, Jillian"
10836,21835,"Sun, Susan"
10837,21836,"Raman, Kristi"
10838,21837,"Alexander, Megan"
10839,21838,"Ruiz, Gerald"
10843,21842,"Navarro, Neil"
10844,21843,"He, Erica"
10845,21844,"Long, James"
10847,21846,"Patterson, Kevin"
10852,21851,"Railson, Stuart"
10853,21852,"Johnson, Eduardo"
10854,21853,"Gutierrez, Stacy"
10864,21863,"Anand, Shawna"
10869,21868,"Ma, Aimee"
10870,21869,"Prasad, Tina"
10901,21900,"Jones, Robert"
10902,21901,"Taylor, Elizabeth"
10903,21902,"James, Natalie"
10904,21903,"Jenkins, Fernando"
10906,21905,"Hernandez, Pedro"
10907,21906,"Simmons, Miranda"
10908,21907,"Hall, Jordan"
10909,21908,"Hayes, Isabel"
10910,21909,"Ward, Allison"
10911,21910,"Perez, Rebekah"
10915,21914,"Brown, Emily"
10916,21915,"Wood, Tristan"
10918,21917,"Johnson, Dalton"
10919,21918,"Serrano, Carol"
10920,21919,"Howard, Melissa"
10921,21920,"Bennett, Destiny"
10923,21922,"Ward, Bailey"
10924,21923,"Williams, Justin"
10925,21924,"Cook, Eduardo"
10927,21926,"Henderson, Melanie"
10928,21927,"Browning, Meredith"
10929,21928,"Luo, Karl"
10930,21929,"Perry, Karen"
10931,21930,"Perry, Marissa"
10932,21931,"Wood, Marcus"
10933,21932,"Kumar, Leonard"
10942,21941,"Moore, Gail"
10943,21942,"Roberts, Julia"
11008,22007,"Hernandez, Kaylee"
11010,22009,"Alvarez, Ross"
11011,22010,"Lopez, Henry"
11012,22011,"Patterson, Richard"
11013,22012,"Malhotra, Regina"
11014,22013,"Jenkins, Marcus"
11017,22016,"Andersen, Terrence"
11022,22021,"White, Ethan"
11023,22022,"Davis, Christopher"
11024,22023,"Chen, Rafael"
11025,22024,"Chen, Samuel"
11026,22025,"Peterson, Riley"
11035,22034,"Clark, Seth"
11036,22035,"Wilson, Ryan"
11037,22036,"Hall, Gabriella"
11038,22037,"Gonzales, Angela"
11039,22038,"Jackson, Isabella"
11040,22039,"Simmons, Marissa"
11041,22040,"Brown, Devin"
11043,22042,"Bryant, Abigail"
11044,22043,"Cox, Trinity"
11045,22044,"Young, Connor"
11046,22045,"Chen, Cameron"
11047,22046,"Sanders, Jasmine"
11048,22047,"Gonzales, David"
11049,22048,"Washington, Grace"
11050,22049,"Patel, Allen"
11052,22051,"Rogers, Lauren"
11053,22052,"Butler, Zachary"
11054,22053,"Goel, Jaime"
11055,22054,"Raji, Russell"
11056,22055,"Clark, Hannah"
11057,22056,"Howard, Alex"
11058,22057,"Ross, Kyle"
11061,22060,"Hill, Evan"
11062,22061,"Goel, Jenny"
11063,22062,"Flores, Cameron"
11067,22066,"Munoz, Paula"
11068,22067,"Jackson, Julia"
11069,22068,"James, Sean"
11071,22070,"Brown, Eduardo"
11072,22071,"Carter, Gabriel"
11073,22072,"Russell, Devin"
11076,22075,"Patel, Pedro"
11077,22076,"Vazquez, Nelson"
11078,22077,"Rubio, Marvin"
11079,22078,"Martin, William"
11083,22082,"Barnes, Lucas"
11084,22083,"Flores, David"
11085,22084,"Gomez, Francis"
11086,22085,"Mehta, Toni"
11087,22086,"Sanchez, Chelsea"
11088,22087,"Coleman, Joan"
11089,22088,"Diaz, Hannah"
11090,22089,"Gray, Mason"
11104,22103,"Hernandez, Alexandra"
11105,22104,"Adams, Richard"
11106,22105,"Cooper, Taylor"
11107,22106,"Long, Olivia"
11117,22116,"Lopez, Robert"
11120,22119,"Flores, Hailey"
11125,22124,"Alonso, Desiree"
11126,22125,"Garcia, Zachary"
11127,22126,"Ward, Rachel"
11128,22127,"Thompson, Marcus"
11130,22129,"Hall, Chloe"
11131,22130,"Bryant, Xavier"
11132,22131,"Cook, Jessica"
11133,22132,"Mehta, Rachael"
11134,22133,"Adams, Xavier"
11135,22134,"Raji, Leonard"
11136,22135,"Hernandez, Julia"
11137,22136,"Evans, Devin"
11138,22137,"Griffin, Elizabeth"
11154,22153,"Kelly, Alyssa"
11158,22157,"Richardson, Maria"
11159,22158,"Phillips, Amber"
11160,22159,"Davis, David"
11161,22160,"Richardson, Alex"
11162,22161,"Clark, Rachel"
11163,22162,"Yuan, Brad"
11164,22163,"Scott, Morgan"
11165,22164,"Morris, Destiny"
11166,22165,"Perez, Aaron"
11167,22166,"Gray, Katherine"
11184,22183,"Jones, Benjamin"
11185,22184,"Carter, Jeremy"
11186,22185,"Henderson, Connor"
11187,22186,"Foster, Jonathan"
11188,22187,"Russell, Hannah"
11189,22188,"Barnes, Sarah"
11190,22189,"Hernandez, Linda"
11191,22190,"Richardson, Carlos"
11192,22191,"Adams, Jack"
11193,22192,"Zimmerman, Henry"
11212,22211,"Gray, Richard"
11216,22215,"Lal, Samuel"
11217,22216,"Howard, Marcus"
11219,22218,"Bryant, Christian"
11221,22220,"Sharma, Brandon"
11222,22221,"Kumar, Benjamin"
11223,22222,"Hill, Angel"
11224,22223,"Parker, Gabrielle"
11225,22224,"Alexander, Katherine"
11226,22225,"Murphy, Jessica"
11227,22226,"Sanders, Morgan"
11228,22227,"Cai, Barbara"
11229,22228,"Gonzalez, Katelyn"
11230,22229,"Perry, Wyatt"
11232,22231,"Brooks, Grace"
11236,22235,"Peterson, Sebastian"
11237,22236,"Gonzalez, Jose"
11238,22237,"Morris, Angel"
11239,22238,"Murphy, Alex"
11240,22239,"Cook, Jesse"
11241,22240,"Powell, Miguel"
11242,22241,"Washington, Alexandria"
11243,22242,"Walker, Cameron"
11244,22243,"Lewis, Emma"
11245,22244,"Howard, Shelby"
11246,22245,"Lopez, Evan"
11247,22246,"Cox, Jacqueline"
11249,22248,"Ramos, Gary"
11250,22249,"Chen, Kevin"
11251,22250,"Wilson, Michael"
11254,22253,"Reed, Stephanie"
11255,22254,"Scott, Fernando"
11256,22255,"Rogers, Nicole"
11257,22256,"Lu, Edwin"
11258,22257,"Romero, Carrie"
11259,22258,"Reed, Jessica"
11260,22259,"Mitchell, Dalton"
11261,22260,"Allen, Courtney"
11262,22261,"Allen, Isaac"
11263,22262,"Collins, Marcus"
11264,22263,"Blue, Patrick"
11267,22266,"Sanders, Rachel"
11270,22269,"Yang, Caleb"
11271,22270,"Gonzales, Antonio"
11272,22271,"Mitchell, Connor"
11273,22272,"Kelly, Isabella"
11274,22273,"Rodriguez, Patricia"
11275,22274,"Chen, Adam"
11276,22275,"Bailey, Ian"
11277,22276,"Gray, Gabriella"
11278,22277,"Torres, Arianna"
11280,22279,"Kelly, Riley"
11281,22280,"Scott, Luis"
11282,22281,"Diaz, Alexia"
11283,22282,"Hughes, Jonathan"
11284,22283,"Davis, Eduardo"
11285,22284,"Sanz, Kristy"
11287,22286,"Hughes, Gabriel"
11288,22287,"Griffin, Megan"
11289,22288,"Patterson, Isabel"
11290,22289,"Long, Thomas"
11291,22290,"Jenkins, Jocelyn"
11292,22291,"Morris, Carlos"
11293,22292,"Gomez, Stacy"
11294,22293,"Johnson, Jasmine"
11295,22294,"Brown, Rachel"
11296,22295,"Morgan, Jade"
11297,22296,"Johnson, Benjamin"
11298,22297,"Garcia, Jasmine"
11299,22298,"Williams, Marcus"
11301,22300,"Price, Kaitlyn"
11302,22301,"Rodriguez, Abigail"
11308,22307,"Ross, Sarah"
11311,22310,"Sanders, Christina"
11318,22317,"Nath, Karla"
11319,22318,"Xu, Ramon"
11327,22326,"Howard, Riley"
11328,22327,"Cai, Jake"
11329,22328,"Anderson, Grace"
11330,22329,"Peterson, Grace"
11331,22330,"Walker, Jose"
11332,22331,"Yuan, Michele"
11334,22333,"Watson, Gabriella"
11335,22334,"Serrano, Juan"
11336,22335,"Taylor, Anthony"
11337,22336,"Moreno, Frank"
11338,22337,"Jenkins, Haley"
11339,22338,"Russell, Thomas"
11340,22339,"Nelson, Richard"
11341,22340,"Young, Isaac"
11342,22341,"Washington, Tristan"
11343,22342,"Lal, Jon"
11344,22343,"Powell, Brittany"
11345,22344,"Yang, Krystal"
11346,22345,"James, Amanda"
11347,22346,"Howard, Catherine"
11348,22347,"Long, Abigail"
11349,22348,"Torres, Zoe"
11351,22350,"Powell, Riley"
11352,22351,"Davis, Sarah"
11353,22352,"Moore, Elizabeth"
11356,22355,"Jones, Logan"
11357,22356,"Ward, Charles"
11358,22357,"Lal, Justin"
11359,22358,"Butler, Sydney"
11361,22360,"Collins, Caleb"
11362,22361,"White, Nathan"
11363,22362,"Russell, Austin"
11365,22364,"Jenkins, Katherine"
11366,22365,"Richardson, Sebastian"
11368,22367,"Griffin, Jasmine"
11369,22368,"Ross, Edward"
11370,22369,"Deng, Louis"
11371,22370,"Patterson, Carol"
11373,22372,"Perry, Melanie"
11375,22374,"Patterson, Luke"
11376,22375,"Williams, Jasmine"
11377,22376,"Martin, Marcus"
11381,22380,"Nath, Brendan"
11382,22381,"Patterson, Hunter"
11385,22384,"Sanchez, Paige"
11387,22386,"Gill, Jerome"
11388,22387,"Romero, Audrey"
11390,22389,"Luo, Edwin"
11391,22390,"Zheng, Kelvin"
11392,22391,"Watson, Angela"
11394,22393,"Perez, Chelsea"
11399,22398,"Moreno, Sheila"
11415,22414,"Wu, Eugene"
11416,22415,"Phillips, Natalie"
11433,22432,"Xie, Bridget"
11437,22436,"Raji, Roger"
11442,22441,"Torres, Andrea"
11445,22444,"Xie, Colin"
11448,22447,"Shan, Tara"
11451,22450,"Alvarez, Audrey"
11454,22453,"Long, Dakota"
11456,22455,"Kapoor, Roy"
11460,22459,"Xu, Johnny"
11463,22462,"Chandra, Lydia"
11470,22469,"Moreno, Sabrina"
11474,22473,"Patel, Clifford"
11475,22474,"Zhu, Leah"
11477,22476,"Martinez, Shane"
11478,22477,"Diaz, Kevin"
11479,22478,"Browning, Carolyn"
11480,22479,"Malhotra, Tammy"
11482,22481,"Ortega, Erik"
11483,22482,"Jenkins, Cassidy"
11487,22486,"Ruiz, Jimmy"
11489,22488,"Patel, Frederick"
11492,22491,"Nara, Jerry"
11493,22492,"She, Jorge"
11494,22493,"Sanz, Dwayne"
11495,22494,"Andersen, Jon"
11498,22497,"Gomez, Casey"
11507,22506,"Prasad, Brenda"
11508,22507,"Wang, Louis"
11509,22508,"Huang, Jon"
11510,22509,"Nara, Lacey"
11515,22514,"Johnsen, Marvin"
11517,22516,"Ortega, Adrienne"
11518,22517,"Adams, Luis"
11520,22519,"Hughes, Logan"
11522,22521,"Rivera, Christina"
11523,22522,"Hayes, Benjamin"
11524,22523,"Xu, Jon"
11526,22525,"Gutierrez, Julio"
11534,22533,"Liu, Jake"
11538,22537,"Jenkins, Xavier"
11542,22541,"Martinez, Stefanie"
11544,22543,"Campbell, Jeremy"
11547,22546,"Jones, Nicholas"
11548,22547,"Flores, Elijah"
11549,22548,"Brooks, Angela"
11550,22549,"Russell, Isabel"
11552,22551,"Rubio, Andy"
11564,22563,"Weber, Darren"
11566,22565,"Subram, Brenda"
11569,22568,"Wu, Autumn"
11586,22585,"He, Kelvin"
11588,22587,"Alonso, Gina"
11591,22590,"Hughes, Oscar"
11592,22591,"Becker, Jon"
11598,22597,"Chandra, Rachael"
11599,22598,"Sanchez, Donald"
11607,22606,"Hernandez, Alfredo"
11608,22607,"Gonzalez, Whitney"
11610,22609,"Cai, Clarence"
11611,22610,"Chen, Brent"
11616,22615,"Xu, Misty"
11618,22617,"Nath, Andres"
11620,22619,"Hernandez, Robin"
11621,22620,"Suri, Stefanie"
11622,22621,"Davis, Xavier"
11624,22623,"Suarez, Jamie"
11628,22627,"Sharma, Shawna"
11629,22628,"Lu, Marshall"
11634,22633,"Zhao, Claudia"
11639,22638,"Gutierrez, Kristi"
11645,22644,"Ortega, Marc"
11651,22650,"Suri, Kristina"
11653,22652,"Shan, Gilbert"
11656,22655,"Young, Lucas"
11660,22659,"Luo, Shawna"
11661,22660,"Lopez, Monica"
11666,22665,"Diaz, Orlando"
11667,22666,"Srini, Mayra"
11675,22674,"Prasad, Troy"
11678,22677,"Carlson, Reginald"
11679,22678,"Lee, Sydney"
11680,22679,"Dominguez, Derrick"
11681,22680,"Suarez, Lee"
11685,22684,"Cooper, Lauren"
11686,22685,"Ma, Barbara"
11689,22688,"Perez, Seth"
11695,22694,"Kapoor, Molly"
11700,22699,"Chande, Clarence"
11701,22700,"Serrano, Gina"
11702,22701,"Navarro, Anne"
11706,22705,"Kapoor, Adriana"
11707,22706,"Ruth, Andy"
11708,22707,"Russell, Haley"
11711,22710,"Zhao, Trisha"
11712,22711,"Hernandez, Isaiah"
11717,22716,"Nelson, Caleb"
11718,22717,"Watson, Nicole"
11719,22718,"Simmons, Zachary"
11720,22719,"Brooks, Jesse"
11721,22720,"Alexander, Jonathan"
11722,22721,"Lin, Colleen"
11723,22722,"Fernandez, Tina"
11724,22723,"Anderson, Alexander"
11725,22724,"Evans, Noah"
11726,22725,"Gonzales, Richard"
11727,22726,"Morris, Anna"
11728,22727,"She, Jodi"
11730,22729,"Nelson, Seth"
11732,22731,"Henderson, Brandon"
11734,22733,"Powell, Alexandria"
11735,22734,"Adams, Maria"
11736,22735,"Jones, Katherine"
11737,22736,"Morgan, Katherine"
11738,22737,"Sai, Heidi"
11739,22738,"Diaz, Haley"
11741,22740,"Rogers, Kimberly"
11742,22741,"He, Darryl"
11743,22742,"Nelson, Nathan"
11744,22743,"Murphy, Kaylee"
11745,22744,"Wright, Edward"
11746,22745,"Patterson, Alexandria"
11747,22746,"Zhang, Erica"
11748,22747,"Martinez, Brianna"
11750,22749,"Patterson, Miranda"
11751,22750,"Gonzalez, Jesse"
11752,22751,"Rodriguez, Samuel"
11753,22752,"Brown, Daniel"
11754,22753,"Morgan, Hailey"
11755,22754,"Foster, Robert"
11757,22756,"Nath, Jon"
11758,22757,"Peterson, Savannah"
11759,22758,"Jackson, Katherine"
11760,22759,"Ramirez, Julia"
11761,22760,"Chen, Hunter"
11762,22761,"Price, Eduardo"
11763,22762,"Diaz, Melissa"
11764,22763,"Gonzalez, Rebecca"
11765,22764,"Brooks, Chase"
11767,22766,"Hayes, Cassidy"
11768,22767,"Hernandez, Luis"
11769,22768,"Zhang, Aaron"
11770,22769,"Martin, Benjamin"
11771,22770,"Morgan, Chloe"
11774,22773,"Zhang, Autumn"
11775,22774,"Alexander, Caleb"
11776,22775,"Martinez, Madison"
11777,22776,"Perry, Julia"
11778,22777,"Garcia, Tyler"
11779,22778,"Dominguez, Monique"
11780,22779,"Ruiz, Lance"
11781,22780,"Rogers, Jennifer"
11782,22781,"Powell, Hunter"
11783,22782,"Wood, Dakota"
11784,22783,"Green, Isaac"
11785,22784,"Jackson, Nicholas"
11787,22786,"Goldstein, Wyatt"
11788,22787,"Sanchez, Andrea"
11789,22788,"Jenkins, Jordan"
11790,22789,"Taylor, Richard"
11791,22790,"Phillips, Luke"
11792,22791,"Jenkins, Taylor"
11793,22792,"Carter, Thomas"
11794,22793,"Jenkins, Antonio"
11798,22797,"She, Leonard"
11802,22801,"Raje, Alicia"
11803,22802,"Van, Ann"
11804,22803,"Shan, Marshall"
11805,22804,"Butler, Kelly"
11806,22805,"Goel, Cristina"
11807,22806,"Sun, Crystal"
11810,22809,"Sara, Martin"
11811,22810,"Sanchez, Nathaniel"
11816,22815,"Wang, Margaret"
11817,22816,"Cai, Erica"
11818,22817,"Nath, Calvin"
11822,22821,"Munoz, Wendy"
11831,22830,"Travers, Lee"
11835,22834,"Zhou, Darryl"
11836,22835,"Zhang, Alan"
11837,22836,"Sai, Michele"
11862,22861,"Hughes, Devin"
11863,22862,"Navarro, Derrick"
11864,22863,"Thomas, Hunter"
11865,22864,"Hall, Mason"
11866,22865,"Hall, Stephanie"
11867,22866,"Thompson, William"
11868,22867,"Ruiz, Max"
11872,22871,"Coleman, David"
11873,22872,"Bailey, Sara"
11874,22873,"Williams, Robert"
11875,22874,"Anand, Drew"
11876,22875,"Russell, Robert"
11877,22876,"Campbell, Jenna"
11879,22878,"Ross, Angelica"
11880,22879,"Russell, Jocelyn"
11881,22880,"Harris, Ashley"
11884,22883,"Morgan, Xavier"
11885,22884,"Richardson, Danielle"
11886,22885,"Henderson, Caleb"
11887,22886,"King, Andrea"
11888,22887,"Richardson, Mason"
11889,22888,"Long, Abigail"
11891,22890,"Hall, Alexis"
11892,22891,"Gonzalez, Andrea"
11893,22892,"Mitchell, Timothy"
11895,22894,"Ramirez, Danielle"
11897,22896,"Miller, Logan"
11898,22897,"Ramirez, Arianna"
11899,22898,"Washington, Melanie"
11900,22899,"Carter, Charles"
11901,22900,"Li, Hunter"
11903,22902,"Madan, Pedro"
11968,22967,"Smith, Rachel"
11969,22968,"Perez, Logan"
11971,22970,"Phillips, Mary"
11973,22972,"James, Bailey"
11978,22977,"Patterson, Ian"
11980,22979,"Hernandez, Theodore"
11981,22980,"Washington, Oscar"
11982,22981,"Flores, Amanda"
11983,22982,"Miller, Madison"
11985,22984,"Robinson, Cameron"
11986,22985,"Phillips, Hailey"
11990,22989,"Butler, Megan"
11991,22990,"Stewart, Alyssa"
11992,22991,"Jenkins, Morgan"
11993,22992,"Yang, Austin"
11994,22993,"Sanchez, Xavier"
11995,22994,"Allen, Chloe"
11998,22997,"Williams, Lucas"
12000,22999,"Hill, Jackson"
12001,23000,"Henderson, Victoria"
12002,23001,"Munoz, Julio"
12003,23002,"Hernandez, Arthur"
12005,23004,"Fernandez, Raymond"
12006,23005,"Sharma, Luke"
12007,23006,"Lee, Seth"
12008,23007,"Sanchez, Isaac"
12012,23011,"Rivera, Isaiah"
12016,23015,"Rivera, Juan"
12017,23016,"Powell, Victoria"
12018,23017,"Rai, Alison"
12019,23018,"White, Richard"
12020,23019,"Garcia, Emma"
12021,23020,"Jones, Hannah"
12022,23021,"Mehta, Stefanie"
12024,23023,"Vazquez, Naomi"
12025,23024,"Davis, Emma"
12026,23025,"Richardson, Richard"
12027,23026,"Rogers, Jessica"
12028,23027,"Griffin, Fernando"
12029,23028,"Taylor, Anna"
12030,23029,"Ross, Ian"
12031,23030,"Jenkins, Aidan"
12032,23031,"Morgan, Brooke"
12033,23032,"Parker, Jesse"
12034,23033,"Turner, Alex"
12035,23034,"Cooper, Melanie"
12036,23035,"Howard, Maria"
12037,23036,"Green, Caleb"
12038,23037,"Wood, Lucas"
12039,23038,"Reed, Sydney"
12040,23039,"Scott, Wyatt"
12047,23046,"Malhotra, Pamela"
12048,23047,"Xu, Valerie"
12050,23049,"Moreno, Gina"
12051,23050,"Hall, Jack"
12052,23051,"Green, Jesse"
12053,23052,"Stewart, Steven"
12054,23053,"Bailey, Anna"
12055,23054,"Moore, David"
12056,23055,"Diaz, Seth"
12057,23056,"Perry, Alyssa"
12059,23058,"Rivera, Michelle"
12060,23059,"Price, Spencer"
12061,23060,"Long, Isabella"
12062,23061,"Sanders, Jeremiah"
12063,23062,"Reed, Natalie"
12064,23063,"Thompson, Jennifer"
12065,23064,"Rodriguez, Alexander"
12066,23065,"Nath, Derek"
12067,23066,"Lal, Austin"
12068,23067,"Pal, Kelli"
12069,23068,"Shan, Ryan"
12070,23069,"Gray, Anna"
12072,23071,"Gonzales, Haley"
12073,23072,"Srini, Toni"
12074,23073,"Griffin, Christian"
12076,23075,"Sandberg, Rebekah"
12077,23076,"Brooks, Adrian"
12081,23080,"Barnes, Jocelyn"
12082,23081,"Powell, Brandon"
12083,23082,"Williams, Jonathan"
12089,23088,"Hu, Wesley"
12090,23089,"Walker, Lucas"
12091,23090,"Lee, Christopher"
12092,23091,"Peterson, Richard"
12093,23092,"Brooks, Gabrielle"
12094,23093,"Parker, Nathan"
12109,23108,"Wright, Savannah"
12110,23109,"Hughes, Lauren"
12111,23110,"Gonzalez, Mackenzie"
12112,23111,"Wright, Sara"
12131,23130,"Russell, Lauren"
12136,23135,"Clark, Dylan"
12137,23136,"Peterson, Stephanie"
12139,23138,"Peterson, Angela"
12140,23139,"Yang, Christian"
12141,23140,"Lee, Tyler"
12142,23141,"Long, Katherine"
12143,23142,"Wu, Cara"
12144,23143,"Phillips, Jada"
12145,23144,"Alexander, Zachary"
12146,23145,"Xie, Nichole"
12147,23146,"Clark, Sarah"
12148,23147,"Smith, Wyatt"
12149,23148,"Ross, Nathan"
12150,23149,"Rubio, Brandi"
12151,23150,"Allen, Gabriella"
12152,23151,"Brown, Michael"
12157,23156,"Barnes, Samantha"
12158,23157,"Gao, Valerie"
12159,23158,"Patterson, Ana"
12160,23159,"Phillips, Dalton"
12161,23160,"Huang, Aimee"
12162,23161,"Scott, Samuel"
12163,23162,"Flores, Sarah"
12164,23163,"Ross, Madison"
12166,23165,"Mitchell, Natalie"
12167,23166,"Ward, Cody"
12168,23167,"Jenkins, Hailey"
12169,23168,"Hayes, Mya"
12170,23169,"Andersen, Corey"
12171,23170,"Jai, Aaron"
12172,23171,"Griffin, Ethan"
12174,23173,"Rodriguez, Nathan"
12175,23174,"Gonzales, Gloria"
12176,23175,"Flores, Melanie"
12177,23176,"Ward, Jesse"
12178,23177,"Richardson, Savannah"
12179,23178,"Morris, Dalton"
12180,23179,"Phillips, Jordan"
12181,23180,"Cook, Olivia"
12182,23181,"Evans, Evan"
12183,23182,"Rivera, Savannah"
12184,23183,"Davis, Megan"
12185,23184,"Carter, Hailey"
12186,23185,"Edwards, Fernando"
12187,23186,"Young, Jordan"
12188,23187,"Munoz, Andy"
12189,23188,"Jai, Austin"
12190,23189,"Moore, Megan"
12191,23190,"Ramirez, Nathaniel"
12192,23191,"Raji, Gilbert"
12193,23192,"Garcia, Emily"
12194,23193,"Flores, Alexis"
12195,23194,"Cook, Shelby"
12196,23195,"Mohamed, Xavier"
12198,23197,"Cook, Cole"
12199,23198,"Sanders, Jacqueline"
12200,23199,"Hayes, Brandon"
12201,23200,"Rodriguez, Grace"
12202,23201,"Butler, Alyssa"
12203,23202,"Chandra, Terrance"
12204,23203,"Jenkins, Dalton"
12205,23204,"Mitchell, Katherine"
12206,23205,"Sanders, Katherine"
12207,23206,"Lal, Jackson"
12208,23207,"Baker, Dalton"
12211,23210,"Gray, Timothy"
12212,23211,"Kovár, Rebekah"
12213,23212,"Jones, James"
12214,23213,"Green, Noah"
12215,23214,"James, Kaylee"
12216,23215,"Richardson, Juan"
12217,23216,"Hall, Kevin"
12218,23217,"Morgan, Michelle"
12219,23218,"Gao, Alisha"
12222,23221,"Rai, Leonard"
12227,23226,"Xie, Leonard"
12229,23228,"Guo, Candice"
12230,23229,"Raje, Deborah"
12234,23233,"Sharma, Bradley"
12235,23234,"Lu, Brent"
12238,23237,"Young, Caleb"
12239,23238,"Lee, Thomas"
12240,23239,"Wu, Curtis"
12241,23240,"Chapman, Phillip"
12242,23241,"Torres, Armando"
12249,23248,"Peterson, Bailey"
12250,23249,"Nara, Tasha"
12251,23250,"Lee, Ashley"
12252,23251,"Scott, Evan"
12253,23252,"Wood, Alexia"
12255,23254,"Gonzalez, Jack"
12257,23256,"Chande, Mario"
12259,23258,"Watson, Megan"
12260,23259,"Taylor, John"
12261,23260,"Goel, Edwin"
12262,23261,"Peterson, Jada"
12263,23262,"Kelly, Sydney"
12264,23263,"Lopez, Angel"
12272,23271,"Clark, Alexandra"
12273,23272,"Hayes, Tristan"
12274,23273,"Long, Benjamin"
12275,23274,"Jackson, Ethan"
12276,23275,"Jackson, Miguel"
12277,23276,"Zhou, Vincent"
12278,23277,"Torres, Isaiah"
12279,23278,"Flores, Chloe"
12281,23280,"Alexander, Hannah"
12283,23282,"James, Ariana"
12286,23285,"Luo, Latoya"
12287,23286,"Bell, Taylor"
12288,23287,"Kelly, Juan"
12289,23288,"Evans, Eduardo"
12290,23289,"Robinson, Justin"
12292,23291,"Evans, Timothy"
12293,23292,"Russell, Jose"
12294,23293,"Peterson, Kaylee"
12295,23294,"Chen, Suzanne"
12296,23295,"Torres, Jaime"
12297,23296,"Mehta, Molly"
12298,23297,"Gomez, Tyrone"
12299,23298,"Martinez, Robert"
12300,23299,"Jimenez, Kristy"
12301,23300,"Henderson, Julia"
12302,23301,"Anderson, Noah"
12303,23302,"Walker, Fernando"
12304,23303,"Lal, Connor"
12305,23304,"Simmons, Jordan"
12320,23319,"Green, Luis"
12327,23326,"Ye, Tiffany"
12328,23327,"Moore, Madison"
12329,23328,"Butler, Julian"
12334,23333,"Sun, Steve"
12335,23334,"Wilson, Brandon"
12336,23335,"Robinson, James"
12337,23336,"Bryant, Jocelyn"
12338,23337,"Green, Isaiah"
12339,23338,"Jenkins, Lucas"
12340,23339,"Reed, Zoe"
12341,23340,"Collins, Mackenzie"
12342,23341,"Chen, Kelvin"
12343,23342,"She, Cristina"
12350,23349,"Johnson, Lauren"
12353,23352,"Mitchell, Kevin"
12354,23353,"Scott, Sophia"
12355,23354,"Gomez, Eddie"
12356,23355,"Serrano, Lance"
12357,23356,"Ward, Grace"
12358,23357,"Yang, Micah"
12359,23358,"Alvarez, Alberto"
12360,23359,"Alexander, Dalton"
12361,23360,"Moore, Marcus"
12362,23361,"Lopez, Chloe"
12365,23364,"Young, Natalie"
12366,23365,"Flores, Vanessa"
12367,23366,"Campbell, Fernando"
12368,23367,"Ramirez, Haley"
12370,23369,"Washington, Morgan"
12373,23372,"Diaz, Jack"
12374,23373,"Murphy, Gabrielle"
12375,23374,"Gray, Emma"
12376,23375,"Zhang, Christian"
12378,23377,"Hayes, Samantha"
12380,23379,"Richardson, Riley"
12381,23380,"Campbell, Gabriel"
12382,23381,"Hu, Bianca"
12383,23382,"Barnes, Xavier"
12392,23391,"Moreno, Joanna"
12393,23392,"Dominguez, Adrienne"
12394,23393,"Anderson, Jennifer"
12395,23394,"Bell, Anna"
12403,23402,"Cox, Melissa"
12404,23403,"Powell, Justin"
12405,23404,"Peterson, Amanda"
12406,23405,"Madan, Kari"
12407,23406,"Sanchez, Frederick"
12408,23407,"Garcia, Lauren"
12447,23446,"Chander, Nina"
12448,23447,"Weber, Jermaine"
12449,23448,"Peterson, Abigail"
12451,23450,"Rogers, Alex"
12452,23451,"James, Taylor"
12453,23452,"Watson, Eduardo"
12454,23453,"Deng, Maurice"
12455,23454,"Wang, Ryan"
12457,23456,"Simmons, Aidan"
12458,23457,"Rivera, Nicole"
12461,23460,"Ramos, Javier"
12462,23461,"Smith, Rachael"
12463,23462,"Jones, Seth"
12464,23463,"Hill, Sean"
12465,23464,"Turner, Devin"
12466,23465,"Russell, Grace"
12467,23466,"Miller, Alyssa"
12468,23467,"Bennett, Nicole"
12469,23468,"Roberts, Sean"
12470,23469,"Gray, Christina"
12471,23470,"Young, Samuel"
12472,23471,"Baker, Jeremy"
12473,23472,"Rodriguez, Alyssa"
12474,23473,"James, Jesse"
12475,23474,"Williams, Julia"
12476,23475,"Martin, Richard"
12478,23477,"Phillips, Marcus"
12479,23478,"Cooper, Hailey"
12480,23479,"Robinson, Fernando"
12481,23480,"Coleman, Sydney"
12482,23481,"Xu, Dustin"
12483,23482,"Gray, Zoe"
12484,23483,"Jai, David"
12485,23484,"Allen, Jenna"
12490,23489,"Huang, Autumn"
12491,23490,"Wilson, Nicholas"
12492,23491,"Taylor, Miguel"
12493,23492,"Blanco, Jamie"
12494,23493,"Taylor, Thomas"
12496,23495,"Shan, James"
12497,23496,"Harris, Nicholas"
12498,23497,"Bryant, Olivia"
12500,23499,"Washington, Spencer"
12501,23500,"Garcia, Adriana"
12502,23501,"Perry, Isabelle"
12503,23502,"Lopez, Logan"
12505,23504,"Rana, George"
12506,23505,"Sharma, Connor"
12507,23506,"Campbell, Jesse"
12508,23507,"Henderson, Rachel"
12509,23508,"Jones, Blake"
12510,23509,"Powell, Faith"
12511,23510,"Cooper, Morgan"
12513,23512,"Henderson, Zachary"
12515,23514,"Bell, Chloe"
12516,23515,"Walker, Zachary"
12517,23516,"Miller, Ashley"
12518,23517,"Martinez, Ronald"
12520,23519,"Long, Jacqueline"
12521,23520,"Wilson, Richard"
12550,23549,"Sai, George"
12551,23550,"Cook, Jennifer"
12556,23555,"Chavez, Andres"
12557,23556,"Munoz, Kristi"
12559,23558,"Barnes, Dakota"
12561,23560,"Flores, Jacqueline"
12562,23561,"Williams, Jose"
12565,23564,"Howard, Jessica"
12566,23565,"Torres, Julia"
12569,23568,"Diaz, Paige"
12578,23577,"Bennett, Julia"
12579,23578,"Lal, Eric"
12580,23579,"Richardson, Jared"
12583,23582,"Simmons, Stephanie"
12585,23584,"Evans, Jason"
12586,23585,"Moore, Kaitlyn"
12587,23586,"Coleman, Madison"
12588,23587,"Gonzalez, Hailey"
12589,23588,"Hughes, Ryan"
12590,23589,"Baker, Amanda"
12591,23590,"Brown, Austin"
12595,23594,"Diaz, Paula"
12602,23601,"Alan, Kari"
12603,23602,"Lopez, Andrea"
12605,23604,"Kovar, Troy"
12606,23605,"Sabella, Deanna"
12613,23612,"Liu, Rosa"
12617,23616,"Roberts, Karen"
12620,23619,"Tang, Ricardo"
12623,23622,"Moreno, Darren"
12625,23624,"Malhotra, Jillian"
12628,23627,"Navarro, Adrienne"
12633,23632,"Zhou, Kristen"
12634,23633,"Chande, Deborah"
12635,23634,"Li, Ernest"
12667,23666,"Anderson, Olivia"
12668,23667,"Arun, Harold"
12669,23668,"Hughes, Jessica"
12670,23669,"Torres, Sean"
12671,23670,"Henderson, Mya"
12672,23671,"Thomas, Fernando"
12673,23672,"Flores, Abigail"
12675,23674,"Walker, Jeremiah"
12676,23675,"Prasad, Emmanuel"
12678,23677,"Lewis, Charles"
12679,23678,"Diaz, Kelly"
12681,23680,"Powell, Anna"
12684,23683,"Alonso, Dana"
12685,23684,"Rodriguez, Jasmine"
12686,23685,"Reed, Alexa"
12687,23686,"Murphy, Rachel"
12688,23687,"Flores, Melissa"
12689,23688,"Thomas, Olivia"
12690,23689,"Hall, Kayla"
12691,23690,"James, Angel"
12692,23691,"Hu, Karen"
12693,23692,"King, Isaac"
12694,23693,"Jenkins, Jacqueline"
12695,23694,"Brooks, Brian"
12696,23695,"Coleman, Elijah"
12697,23696,"Li, Autumn"
12698,23697,"Kelly, Cody"
12699,23698,"Coleman, Melissa"
12700,23699,"Walker, Nicholas"
12701,23700,"Young, Katelyn"
12702,23701,"Barnes, Marissa"
12703,23702,"James, Eduardo"
12704,23703,"Sanchez, Jacqueline"
12705,23704,"Moore, Christopher"
12706,23705,"Bryant, Jeremy"
12707,23706,"Cooper, Mackenzie"
12708,23707,"Anderson, William"
12709,23708,"Coleman, Victoria"
12710,23709,"Perry, Devin"
12711,23710,"Sanchez, Anna"
12712,23711,"Diaz, Fernando"
12713,23712,"Murphy, Riley"
12714,23713,"Butler, Arianna"
12715,23714,"Williams, Joseph"
12716,23715,"Flores, Isabel"
12718,23717,"Griffin, Aidan"
12719,23718,"Blanco, Nelson"
12721,23720,"Davis, Anna"
12722,23721,"Clark, John"
12723,23722,"Perez, Andrea"
12724,23723,"Phillips, Jose"
12725,23724,"Hughes, Gabrielle"
12727,23726,"Xie, Darrell"
12728,23727,"Serrano, Bruce"
12729,23728,"Kelly, Paige"
12730,23729,"Allen, Marcus"
12733,23732,"Wood, Xavier"
12734,23733,"Gomez, Natasha"
12735,23734,"Wood, Melanie"
12736,23735,"Washington, Amanda"
12737,23736,"Rivera, Sydney"
12738,23737,"Velez Amezaga, Elena"
12739,23738,"Bennett, Julian"
12740,23739,"Kapoor, Virginia"
12741,23740,"Jackson, Noah"
12742,23741,"Romero, Dana"
12743,23742,"Cox, Morgan"
12756,23755,"Wu, Louis"
12758,23757,"Roberts, James"
12760,23759,"Alonso, Clinton"
12765,23764,"Liu, Alisha"
12766,23765,"Price, Kelly"
12767,23766,"Martinez, Cassandra"
12773,23772,"Raman, Cory"
12777,23776,"Yuan, Cristina"
12782,23781,"Ross, Jordyn"
12783,23782,"Bryant, Edward"
12785,23784,"Arun, Preston"
12786,23785,"Harris, Taylor"
12787,23786,"Serrano, Carrie"
12788,23787,"Ward, Adrian"
12789,23788,"Smith, Michael"
12790,23789,"Walker, Ryan"
12791,23790,"Williams, Isabella"
12792,23791,"Griffin, Aaron"
12793,23792,"Wu, Jessie"
12794,23793,"Kumar, Ryan"
12795,23794,"Powell, Abigail"
12796,23795,"Moore, Lauren"
12797,23796,"Young, Miguel"
12798,23797,"Perez, Nathan"
12800,23799,"Chandra, Carolyn"
12801,23800,"Cox, Kaylee"
12802,23801,"Wood, Taylor"
12803,23802,"Diaz, Emily"
12805,23804,"Ma, Kristen"
12806,23805,"Hayes, Luke"
12808,23807,"Hughes, Carson"
12809,23808,"Perry, Spencer"
12810,23809,"Sanchez, Danielle"
12811,23810,"Lee, Sarah"
12812,23811,"Powell, Ethan"
12813,23812,"Butler, Cameron"
12814,23813,"Bennett, Hannah"
12815,23814,"Foster, Angela"
12816,23815,"Ward, Julia"
12817,23816,"Johnson, Natalie"
12818,23817,"Murphy, Kaitlyn"
12819,23818,"Gonzales, Cassidy"
12821,23820,"Diaz, Isabelle"
12822,23821,"Lal, Jordan"
12823,23822,"Campbell, Sierra"
12824,23823,"Davis, Samuel"
12825,23824,"Carter, Edward"
12826,23825,"Coleman, Katherine"
12827,23826,"Ross, Dalton"
12829,23828,"Carlson, Carolyn"
12832,23831,"Jai, Colleen"
12833,23832,"Ramirez, Alexandra"
12834,23833,"Gonzales, Kevin"
12835,23834,"Long, Ethan"
12836,23835,"Jackson, Marcus"
12837,23836,"Carter, Chloe"
12838,23837,"Li, Jonathan"
12839,23838,"Ready, Ariana"
12840,23839,"Howard, Savannah"
12841,23840,"Ward, Mason"
12842,23841,"Phillips, Sydney"
12844,23843,"Patterson, Marcus"
12845,23844,"Gonzales, Alexandra"
12846,23845,"Turner, Madeline"
12848,23847,"Sharma, Chad"
12849,23848,"Sai, Pamela"
12850,23849,"Simmons, Alexis"
12851,23850,"Hall, Anna"
12852,23851,"Rogers, Mariah"
12853,23852,"Torres, Desiree"
12854,23853,"Perez, Isaac"
12855,23854,"Torres, Megan"
12856,23855,"Watson, Carlos"
12857,23856,"Taylor, Sarah"
12858,23857,"Anderson, Alexandra"
12861,23860,"Long, Eric"
12862,23861,"Anand, Keith"
12863,23862,"Kapoor, Rebekah"
12864,23863,"Williams, Christian"
12865,23864,"Jackson, Chloe"
12870,23869,"Nara, Wayne"
12871,23870,"Henderson, Elijah"
12872,23871,"Richardson, Bailey"
12873,23872,"Garcia, Matthew"
12874,23873,"Miller, Nicole"
12875,23874,"Cook, Abigail"
12876,23875,"Green, Sean"
12877,23876,"Henderson, David"
12878,23877,"Morris, Katherine"
12879,23878,"Wood, Chloe"
12881,23880,"Patterson, Noah"
12882,23881,"Martinez, Joshua"
12883,23882,"Butler, Alexia"
12884,23883,"Russell, Jackson"
12885,23884,"Ross, Ethan"
12886,23885,"Morris, Angela"
12887,23886,"Stewart, Sean"
12888,23887,"Carter, Mason"
12889,23888,"Clark, Edward"
12890,23889,"Carter, Sean"
12891,23890,"Cox, Haley"
12892,23891,"Jenkins, Jack"
12895,23894,"Ramirez, Bryan"
12896,23895,"Powell, Nicole"
12897,23896,"Peterson, Megan"
12898,23897,"Chapman, Katrina"
12899,23898,"Rai, Shawna"
12901,23900,"Yang, Rafael"
12903,23902,"Kumar, Julie"
12904,23903,"Subram, Harold"
12906,23905,"Zhang, Jose"
12907,23906,"Ma, Alan"
12911,23910,"Perry, Gabriel"
12913,23912,"Sanchez, Arthur"
12915,23914,"Sharma, Tonya"
12916,23915,"Serrano, Lawrence"
12917,23916,"Serrano, Ruben"
12918,23917,"Carlson, Carrie"
12922,23921,"Lee, Charles"
12923,23922,"Richardson, Cody"
12926,23925,"Torres, Marie"
12927,23926,"Weber, Lydia"
12934,23933,"Carlson, Sabrina"
12938,23937,"Ruiz, Eddie"
12942,23941,"Anderson, Eduardo"
12943,23942,"Goel, Rafael"
12947,23946,"Luo, Kelli"
12948,23947,"Liang, Autumn"
12953,23952,"Dominguez, Nelson"
12954,23953,"Mehta, Shane"
12957,23956,"Coleman, Morgan"
12958,23957,"Zheng, Louis"
12960,23959,"Parker, Amber"
12961,23960,"Zheng, Eugene"
12962,23961,"Huang, Karen"
12966,23965,"Shan, Dustin"
12976,23975,"Blanco, Frank"
12980,23979,"Chen, Damien"
12983,23982,"Diaz, Adam"
13015,24014,"Kovár, Geoffrey"
13018,24017,"Lopez, Rebekah"
13019,24018,"Gao, Barbara"
13025,24024,"Malhotra, Marie"
13026,24025,"Zeng, Eugene"
13028,24027,"Tang, Omar"
13034,24033,"Reed, Katherine"
13037,24036,"Vazquez, Jay"
13041,24040,"Bell, Jennifer"
13042,24041,"Tang, Chad"
13043,24042,"White, Zachary"
13047,24046,"Chander, Cristina"
13050,24049,"Gomez, Byron"
13053,24052,"Goel, Priscilla"
13054,24053,"Allen, Jose"
13060,24059,"Navarro, Tabitha"
13061,24060,"Deng, Bonnie"
13067,24066,"West, Brittney"
13068,24067,"Raman, Carolyn"
13069,24068,"Yang, Edwin"
13073,24072,"He, Randy"
13075,24074,"Alexander, Grace"
13078,24077,"Rai, Tony"
13079,24078,"Martin, Neil"
13081,24080,"Serrano, Billy"
13087,24086,"Gonzales, Dakota"
13088,24087,"Wilson, Hannah"
13089,24088,"He, Damien"
13092,24091,"Munoz, Dwayne"
13093,24092,"Gonzalez, Jillian"
13098,24097,"Fernandez, Francisco"
13099,24098,"Howard, Olivia"
13100,24099,"Smith, Sarah"
13103,24102,"Torres, Andy"
13104,24103,"Dominguez, Billy"
13108,24107,"Jenkins, Jonathan"
13109,24108,"Lal, Tonya"
13118,24117,"Gill, Shannon"
13121,24120,"Allen, Kaitlyn"
13122,24121,"Liu, Valerie"
13128,24127,"Washington, James"
13129,24128,"Ramirez, Kimberly"
13130,24129,"Gutierrez, Jamie"
13131,24130,"Navarro, Tanya"
13138,24137,"Sharma, Tara"
13140,24139,"Williams, Andrew"
13144,24143,"Mehta, Stanley"
13148,24147,"Hernandez, Kathleen"
13149,24148,"Zhou, Brittney"
13151,24150,"Campbell, Jack"
13156,24155,"Raje, Tracy"
13157,24156,"Zhou, Wesley"
13181,24180,"Jai, Arturo"
13182,24181,"Nath, Edwin"
13183,24182,"Lopez, Nancy"
13192,24191,"He, Marshall"
13205,24204,"Gonzalez, Darren"
13206,24205,"Anderson, Katherine"
13207,24206,"Munoz, Marie"
13211,24210,"Shan, Ricardo"
13215,24214,"Romero, Michele"
13216,24215,"Xu, Lisa"
13222,24221,"Perez, Heidi"
13223,24222,"Green, Sierra"
13224,24223,"Alexander, Abigail"
13225,24224,"Perry, Nicole"
13226,24225,"Yang, Jeffery"
13227,24226,"Morris, Brian"
13228,24227,"Phillips, Sara"
13232,24231,"Cox, Makayla"
13233,24232,"Johnson, Ryan"
13234,24233,"Parker, Jada"
13235,24234,"Martinez, Eduardo"
13237,24236,"Nelson, Isabella"
13238,24237,"Henderson, Chloe"
13239,24238,"Richardson, Sean"
13240,24239,"Hernandez, Miguel"
13255,24254,"Washington, Emily"
13260,24259,"Price, Gavin"
13261,24260,"Perry, Blake"
13262,24261,"Jones, Emma"
13263,24262,"Thomas, Daniel"
13264,24263,"Brooks, Brooke"
13265,24264,"Long, Richard"
13266,24265,"McDonald, Seth"
13276,24275,"Rivera, Lucas"
13286,24285,"Cox, Jesse"
13287,24286,"Goel, Kelvin"
13288,24287,"Martinez, John"
13289,24288,"Gomez, Pedro"
13290,24289,"Gonzalez, Robert"
13291,24290,"Bell, Zoe"
13292,24291,"Garcia, Eduardo"
13293,24292,"Brooks, Mackenzie"
13294,24293,"Rivera, Anna"
13295,24294,"Yang, Luis"
13296,24295,"Barnes, Natalie"
13297,24296,"Gonzalez, Amanda"
13298,24297,"Cox, Victoria"
13299,24298,"Yang, Robert"
13300,24299,"Gray, Andrea"
13309,24308,"Sanders, Destiny"
13312,24311,"Patel, Geoffrey"
13313,24312,"Martin, Austin"
13314,24313,"Brooks, Taylor"
13315,24314,"Howard, Bryan"
13316,24315,"Scott, Edward"
13317,24316,"Diaz, Rachel"
13318,24317,"Thomas, Devin"
13319,24318,"Long, Luis"
13320,24319,"Clark, Benjamin"
13321,24320,"White, Joshua"
13322,24321,"Scott, Gabriel"
13324,24323,"Wright, Janet"
13325,24324,"Reed, Jennifer"
13326,24325,"Perry, Jason"
13327,24326,"Bryant, Adam"
13328,24327,"Rogers, Evan"
13329,24328,"Simmons, Melissa"
13386,24385,"Perez, Summer"
13388,24387,"Mitchell, Elijah"
13389,24388,"Campbell, Maria"
13390,24389,"Carter, Xavier"
13391,24390,"Prasad, Carolyn"
13392,24391,"Washington, Marissa"
13394,24393,"Johnson, Joseph"
13395,24394,"Raji, Drew"
13396,24395,"Raji, Alison"
13397,24396,"Navarro, Robyn"
13398,24397,"Raman, Henry"
13399,24398,"Davis, Brandon"
13401,24400,"Parker, Kaitlyn"
13402,24401,"Rana, Douglas"
13403,24402,"Alexander, Devin"
13404,24403,"Wright, Gabriel"
13407,24406,"Vazquez, Reginald"
13408,24407,"Peterson, Makayla"
13409,24408,"Diaz, Jordan"
13410,24409,"Hernandez, Jackson"
13412,24411,"Sanchez, Johnathan"
13413,24412,"Patterson, Angelica"
13414,24413,"Lewis, Nathan"
13415,24414,"Edwards, Adam"
13418,24417,"Harris, Christopher"
13424,24423,"Harris, Alyssa"
13425,24424,"Russell, Morgan"
13427,24426,"Russell, Jordan"
13428,24427,"Fernandez, Evelyn"
13429,24428,"Price, Hailey"
13448,24447,"Morgan, Cody"
13449,24448,"Lopez, Amanda"
13450,24449,"Simmons, Melanie"
13451,24450,"Long, Isabel"
13452,24451,"Morgan, Bailey"
13491,24490,"Suarez, Dwayne"
13493,24492,"Lopez, Devin"
13498,24497,"James, Abigail"
13499,24498,"Washington, Angela"
13500,24499,"Lewis, Olivia"
13501,24500,"Johnson, Seth"
13508,24507,"Garcia, Madison"
13509,24508,"Phillips, Alex"
13510,24509,"Long, Emma"
13511,24510,"Martinez, Christian"
13512,24511,"Hall, Logan"
13513,24512,"Jiménez, Adrienne"
13514,24513,"Deng, Alejandro"
13515,24514,"Phillips, Jesse"
13516,24515,"Jones, Ian"
13517,24516,"Moore, Rachel"
13518,24517,"Harris, Brandon"
13519,24518,"Allen, Stephanie"
13520,24519,"King, Carlos"
13521,24520,"Wilson, Joseph"
13522,24521,"Wood, Jordyn"
13523,24522,"Perez, Alex"
13524,24523,"Coleman, Mariah"
13525,24524,"Lewis, Megan"
13527,24526,"Barnes, Julian"
13528,24527,"Coleman, Gavin"
13529,24528,"Hernandez, Katherine"
13530,24529,"Martinez, Jillian"
13531,24530,"She, Franklin"
13532,24531,"Xie, Andres"
13533,24532,"Perez, Phillip"
13537,24536,"Perez, Cynthia"
13545,24544,"Romero, Kellie"
13548,24547,"Gomez, Dana"
13549,24548,"Liu, Crystal"
13554,24553,"Ashe, Michele"
13562,24561,"Sherman, Megan"
13563,24562,"Rubio, Ricky"
13564,24563,"Rodriguez, Adriana"
13565,24564,"Andersen, Johnny"
13566,24565,"Navarro, Theodore"
13573,24572,"Martinez, Carolyn"
13580,24579,"Alexander, Trevor"
13581,24580,"Zhao, Wesley"
13617,24616,"Cook, Zoe"
13618,24617,"She, Kelsey"
13619,24618,"Gonzalez, Brett"
13620,24619,"Kelly, Shelby"
13621,24620,"Morgan, Olivia"
13623,24622,"Hall, Blake"
13624,24623,"Torres, Beth"
13625,24624,"Murphy, Allison"
13632,24631,"Powell, Hannah"
13633,24632,"James, Catherine"
13634,24633,"Cook, Xavier"
13635,24634,"He, Crystal"
13636,24635,"Rogers, Gabrielle"
13637,24636,"Ward, Anna"
13639,24638,"Lopez, Julia"
13649,24648,"King, Amanda"
13651,24650,"Baker, Julia"
13652,24651,"Alexander, Dakota"
13653,24652,"Butler, Luke"
13663,24662,"Price, Arianna"
13668,24667,"Diaz, Chloe"
13669,24668,"Xu, Katrina"
13670,24669,"Parker, Xavier"
13671,24670,"Ross, Alexandria"
13673,24672,"Cook, Jeremy"
13674,24673,"Cox, Paige"
13675,24674,"Kumar, Dylan"
13676,24675,"Nelson, Jackson"
13677,24676,"Roberts, Jeremy"
13691,24690,"Long, Christian"
13692,24691,"Carlson, Meredith"
13693,24692,"He, Laura"
13695,24694,"Carlson, Theodore"
13697,24696,"Xie, Tasha"
13699,24698,"Carter, Blake"
13705,24704,"Schmidt, Allen"
13707,24706,"Rana, Virginia"
13711,24710,"Malhotra, Brandy"
13712,24711,"Hernandez, Rebekah"
13717,24716,"Liu, Colin"
13718,24717,"Anand, Damien"
13719,24718,"Black, Terrence"
13720,24719,"Zheng, Susan"
13723,24722,"Ross, Hunter"
13724,24723,"Pal, Shawna"
13733,24732,"Davis, Wyatt"
13735,24734,"Turner, Jack"
13736,24735,"Powell, Madison"
13737,24736,"Ramirez, Savannah"
13738,24737,"Bailey, Angela"
13739,24738,"Davis, Hannah"
13740,24739,"Sanders, Dalton"
13741,24740,"Cooper, Shelby"
13742,24741,"Perry, Brittany"
13743,24742,"Ramirez, Rachel"
13744,24743,"Coleman, Chloe"
13746,24745,"Ward, Jennifer"
13748,24747,"Powell, Dakota"
13750,24749,"Guo, Marshall"
13751,24750,"Barnes, Destiny"
13752,24751,"Howard, Angela"
13753,24752,"Jackson, Cameron"
13754,24753,"Jenkins, Eduardo"
13755,24754,"Rivera, Haley"
13757,24756,"Bell, Carlos"
13759,24758,"Adams, Gabriella"
13761,24760,"Coleman, Julian"
13762,24761,"Rubio, Lawrence"
13763,24762,"Xu, Warren"
13765,24764,"Hughes, Abigail"
13766,24765,"Alexander, Morgan"
13767,24766,"White, Christian"
13768,24767,"Jackson, Lauren"
13769,24768,"Ross, Jordan"
13770,24769,"Lal, Brendan"
13771,24770,"Wright, Isaac"
13773,24772,"Russell, Greg"
13775,24774,"Gonzales, Xavier"
13776,24775,"Alexander, Alexandra"
13777,24776,"Perry, Samantha"
13778,24777,"Adams, Eric"
13780,24779,"Lee, Morgan"
13781,24780,"Hall, Courtney"
13783,24782,"Morris, Nicole"
13784,24783,"Raman, Barry"
13785,24784,"Kelly, Megan"
13786,24785,"Morris, Cody"
13788,24787,"Watson, Andrea"
13789,24788,"Bennett, Ashley"
13790,24789,"Hu, Tamara"
13791,24790,"Navarro, Rebekah"
13792,24791,"Ortega, Teresa"
13793,24792,"Malhotra, Clifford"
13794,24793,"Morgan, Cole"
13795,24794,"Sanchez, Cody"
13796,24795,"Lewis, Alexandra"
13797,24796,"Simmons, Jessica"
13798,24797,"Flores, Dylan"
13799,24798,"Moreno, Lawrence"
13800,24799,"Sanz, Byron"
13801,24800,"Young, Eduardo"
13802,24801,"Bailey, Chase"
13803,24802,"Allen, Timothy"
13804,24803,"Diaz, Anna"
13805,24804,"Raji, Tonya"
13807,24806,"Russell, Faith"
13808,24807,"Moreno, Anne"
13809,24808,"Perez, Eric"
13810,24809,"Moore, Alyssa"
13811,24810,"Richardson, Alyssa"
13812,24811,"Ramirez, Trinity"
13813,24812,"Sai, Johnathan"
13814,24813,"Schmidt, Armando"
13815,24814,"Washington, Gabriel"
13816,24815,"Clark, Victoria"
13819,24818,"Rubio, Diane"
13820,24819,"Shan, Jack"
13821,24820,"Clark, David"
13822,24821,"Alexander, Melissa"
13823,24822,"Cook, Paige"
13824,24823,"Zhao, Vincent"
13827,24826,"Powell, Richard"
13828,24827,"Martinez, Alexander"
13829,24828,"Reed, Brooke"
13830,24829,"Patterson, Ethan"
13831,24830,"Cox, Alexandra"
13832,24831,"Diaz, Jackson"
13835,24834,"Jai, Bethany"
13838,24837,"Lewis, Wyatt"
13839,24838,"Young, Elijah"
13840,24839,"Goldberg, Tamara"
13844,24843,"Subram, Bryant"
13847,24846,"Navarro, Naomi"
13849,24848,"Zhou, Jeffery"
13851,24850,"Perez, Emmanuel"
13855,24854,"Jenkins, Emma"
13856,24855,"Wright, Kaylee"
13857,24856,"Huang, Candice"
13865,24864,"Sun, Jeffery"
13868,24867,"Suarez, Beth"
13874,24873,"Li, Alisha"
13876,24875,"Zhang, Darryl"
13877,24876,"Subram, Jarrod"
13880,24879,"Munoz, Desiree"
13884,24883,"Lin, Stacey"
13926,24925,"Perez, Erick"
13927,24926,"Roberts, Eric"
13928,24927,"Harris, Kaitlyn"
13929,24928,"Wright, Timothy"
13930,24929,"Bailey, Lucas"
13931,24930,"Lewis, Abigail"
13932,24931,"Miller, Brianna"
13933,24932,"Jones, Richard"
13934,24933,"Sanchez, Regina"
13935,24934,"Tang, Lindsay"
13936,24935,"Hayes, James"
13937,24936,"Scott, Caleb"
13938,24937,"Evans, Jordan"
13939,24938,"Martinez, Julia"
13941,24940,"Martin, Fernando"
13942,24941,"Garcia, Wyatt"
13943,24942,"James, Steven"
13944,24943,"Chander, Darrell"
13945,24944,"Garcia, Whitney"
13946,24945,"Harris, Logan"
13947,24946,"Hughes, Sarah"
13949,24948,"Carter, Nathan"
13950,24949,"Howard, Devin"
13951,24950,"Alexander, Stephanie"
13952,24951,"Ward, Jeremy"
13953,24952,"Long, Amanda"
13954,24953,"Green, Aaron"
13955,24954,"Long, Jonathan"
13956,24955,"Perez, Donald"
13957,24956,"Ward, Ariana"
13958,24957,"Howard, Anna"
13959,24958,"Xu, Tamara"
13960,24959,"Blanco, Kristy"
13962,24961,"Bennett, Alexandra"
13963,24962,"Jai, Jonathan"
13964,24963,"Zhao, Erica"
13965,24964,"Anderson, Samantha"
13966,24965,"Hayes, Justin"
13967,24966,"Cooper, Jade"
13969,24968,"Moore, Dalton"
13970,24969,"Gonzales, Vanessa"
13971,24970,"Wright, Blake"
13972,24971,"Lin, Brittney"
13973,24972,"Garcia, Edward"
13974,24973,"Rivera, Arianna"
13975,24974,"Carter, Eduardo"
13979,24978,"Stewart, Kaylee"
13980,24979,"Adams, Jada"
13981,24980,"Phillips, Savannah"
13982,24981,"Davis, Jose"
13983,24982,"King, Devin"
13984,24983,"Griffin, Morgan"
13985,24984,"Moore, William"
13986,24985,"Phillips, Jenna"
13988,24987,"Chandra, Kristopher"
13989,24988,"Diaz, Kayla"
13990,24989,"Peterson, Arianna"
13991,24990,"Collins, Timothy"
13992,24991,"Bryant, Luke"
13993,24992,"Bryant, Faith"
13994,24993,"Ortega, Marvin"
13995,24994,"Sanders, Lauren"
13997,24996,"Miller, Dylan"
13998,24997,"Kumar, Melvin"
13999,24998,"Martinez, Olivia"
14000,24999,"Jai, Shaun"
14001,25000,"Turner, Allison"
14004,25003,"Russell, Tristan"
14005,25004,"Thomas, Samuel"
14006,25005,"Williams, Brianna"
14007,25006,"Murphy, Bailey"
14008,25007,"Sanders, Alyssa"
14009,25008,"Perry, Haley"
14015,25014,"Reed, Juan"
14016,25015,"Rogers, Jacqueline"
14019,25018,"Robinson, Lucas"
14024,25023,"Sanz, Carolyn"
14025,25024,"Pritchett, Brad"
14026,25025,"Bryant, Spencer"
14039,25038,"Hall, Isabella"
14040,25039,"Clark, Alexis"
14041,25040,"Perry, Julian"
14042,25041,"Phillips, Hunter"
14043,25042,"Rizaldy, Arif"
14044,25043,"Rai, Damien"
14045,25044,"Bailey, Emma"
14046,25045,"Russell, Paige"
14048,25047,"Long, Trevor"
14050,25049,"Ye, Candice"
14051,25050,"Chen, Darryl"
14060,25059,"Ward, Sean"
14061,25060,"Martinez, Noah"
14064,25063,"Williams, Dylan"
14065,25064,"Harris, James"
14066,25065,"Henderson, Thomas"
14068,25067,"Butler, Melanie"
14069,25068,"Shan, Robert"
14070,25069,"Ortega, Lori"
14072,25071,"Brooks, Natalie"
14073,25072,"Murphy, Alyssa"
14077,25076,"Jenkins, Nicole"
14078,25077,"Clark, Wyatt"
14079,25078,"Jenkins, James"
14080,25079,"Perry, Riley"
14081,25080,"Long, Marissa"
14082,25081,"Morris, Melanie"
14083,25082,"Martinez, William"
14084,25083,"Gao, Omar"
14085,25084,"James, Dalton"
14086,25085,"Rogers, Lucas"
14087,25086,"Cox, Jasmine"
14088,25087,"Young, Wyatt"
14089,25088,"Reed, Victoria"
14090,25089,"Xie, Christy"
14092,25091,"Zeng, Jessie"
14093,25092,"Jackson, Emily"
14097,25096,"Bennett, Victoria"
14098,25097,"Gonzales, Fernando"
14099,25098,"Long, Logan"
14100,25099,"Hayes, Melanie"
14103,25102,"Kelly, Stephanie"
14104,25103,"Brooks, Shelby"
14106,25105,"Nara, Warren"
14145,25144,"Fernandez, Johnathan"
14146,25145,"Yang, Clayton"
14147,25146,"Gonzales, Carson"
14149,25148,"Simmons, Ryan"
14150,25149,"Griffin, Samantha"
14151,25150,"Jones, Xavier"
14152,25151,"Washington, Jasmine"
14153,25152,"Sanders, Maria"
14154,25153,"Coleman, Ryan"
14155,25154,"Serrano, Clinton"
14156,25155,"Alonso, Theresa"
14157,25156,"Peterson, Catherine"
14159,25158,"Long, Stephanie"
14160,25159,"Cooper, Katelyn"
14161,25160,"Stewart, Mackenzie"
14162,25161,"Flores, Isabella"
14163,25162,"Morris, Bryan"
14164,25163,"Griffin, Natalie"
14165,25164,"Parker, Isaac"
14166,25165,"Brown, Ashley"
14167,25166,"Jenkins, Miguel"
14168,25167,"Hughes, Elijah"
14169,25168,"Hernandez, Micheal"
14170,25169,"Peterson, Angel"
14171,25170,"Walker, Logan"
14172,25171,"Rodriguez, Christopher"
14173,25172,"Gray, Evan"
14175,25174,"Smith, Monica"
14176,25175,"Chen, Nathan"
14177,25176,"Flores, Edward"
14179,25178,"Kelly, Jasmine"
14180,25179,"Thompson, Miguel"
14181,25180,"Simmons, Ana"
14182,25181,"Torres, Jesse"
14183,25182,"Simmons, Natalie"
14184,25183,"Thomas, Michael"
14185,25184,"Tang, Peter"
14186,25185,"Reed, Jade"
14187,25186,"Coleman, Angelica"
14188,25187,"Scott, Sydney"
14190,25189,"Hayes, Aidan"
14191,25190,"Morris, Allison"
14192,25191,"Gonzales, Austin"
14193,25192,"Gill, Janet"
14194,25193,"Howard, Stephanie"
14195,25194,"Bell, Jada"
14196,25195,"Wilson, Alexandra"
14198,25197,"Perry, Kyle"
14199,25198,"Ramirez, Michelle"
14200,25199,"Griffin, Kyle"
14201,25200,"Williams, Nathan"
14202,25201,"Gonzalez, Hunter"
14203,25202,"King, Jonathan"
14204,25203,"Wood, Caroline"
14205,25204,"Barnes, Kelly"
14206,25205,"Jones, John"
14207,25206,"Bryant, Ryan"
14208,25207,"Moore, Destiny"
14209,25208,"Taylor, Daniel"
14254,25253,"Miller, Ryan"
14255,25254,"She, Krystal"
14256,25255,"Lal, Logan"
14258,25257,"Sanchez, Harold"
14259,25258,"Vazquez, Micheal"
14260,25259,"Thomas, Ethan"
14261,25260,"Howard, Dalton"
14262,25261,"Phillips, Eduardo"
14265,25264,"Bryant, Wyatt"
14275,25274,"Henderson, Samantha"
14276,25275,"Watson, Christina"
14277,25276,"Richardson, Mackenzie"
14278,25277,"Fernandez, Jermaine"
14279,25278,"Butler, Brianna"
14280,25279,"Barnes, Jordyn"
14281,25280,"Price, Emily"
14282,25281,"Allen, Jeremy"
14283,25282,"Perez, Gabriel"
14284,25283,"Howard, Caitlin"
14285,25284,"Mitchell, Allison"
14286,25285,"Williams, Noah"
14287,25286,"Powell, Zachary"
14290,25289,"Bradley, Amanda"
14291,25290,"Mitchell, Jackson"
14292,25291,"Griffin, Marissa"
14293,25292,"Adams, Eduardo"
14294,25293,"Gonzales, Eric"
14298,25297,"Shan, Devon"
14301,25300,"Ashe, Jamie"
14303,25302,"Mehta, Manuel"
14304,25303,"Hernandez, Jeremiah"
14306,25305,"Rodriguez, Ivan"
14307,25306,"Zeng, Glenn"
14308,25307,"Hernandez, Daisy"
14310,25309,"Zhou, Karen"
14311,25310,"Kapoor, Janelle"
14318,25317,"Garcia, Erick"
14319,25318,"Wang, Dennis"
14323,25322,"Perez, Tina"
14324,25323,"Diaz, Lance"
14330,25329,"Moreno, Jacquelyn"
14331,25330,"Gonzales, Madison"
14334,25333,"Coleman, Robert"
14335,25334,"Gonzales, Marcus"
14337,25336,"Cook, Chase"
14338,25337,"Washington, Megan"
14339,25338,"Perez, Jason"
14340,25339,"Rivera, Adrian"
14342,25341,"Cook, Kaitlyn"
14343,25342,"Hill, Seth"
14344,25343,"Simmons, Carol"
14345,25344,"Baker, Thomas"
14346,25345,"Powell, Olivia"
14347,25346,"Gonzalez, Ian"
14349,25348,"Wood, Angela"
14351,25350,"Alonso, Alberto"
14352,25351,"Phillips, Jordan"
14353,25352,"Martinez, Brandon"
14354,25353,"Stewart, Caitlin"
14355,25354,"Hughes, Kevin"
14356,25355,"Smith, Richard"
14357,25356,"Miller, Jonathan"
14358,25357,"Foster, Marcus"
14359,25358,"Torres, Jade"
14360,25359,"Young, Alex"
14361,25360,"James, Mason"
14363,25362,"Bailey, Makayla"
14365,25364,"Rogers, Isaac"
14366,25365,"Perry, Gabrielle"
14367,25366,"Bailey, Eduardo"
14369,25368,"Baker, Blake"
14370,25369,"Cox, Evan"
14371,25370,"Bailey, Erin"
14373,25372,"Torres, Carrie"
14374,25373,"Chande, Nichole"
14375,25374,"Powell, Ana"
14376,25375,"Flores, Carson"
14377,25376,"Griffin, Alexis"
14378,25377,"Anderson, Lauren"
14379,25378,"Scott, Gabriella"
14380,25379,"Young, Hailey"
14381,25380,"Gonzales, Seth"
14382,25381,"Li, Dylan"
14383,25382,"Hughes, Richard"
14384,25383,"Walker, Nathan"
14385,25384,"Cooper, Maria"
14386,25385,"Torres, Destiny"
14412,25411,"Flores, Riley"
14413,25412,"Williams, Michael"
14414,25413,"Rivera, Zoe"
14415,25414,"Bailey, Grace"
14416,25415,"Evans, Aaron"
14417,25416,"Coleman, Jack"
14418,25417,"Bell, Savannah"
14419,25418,"Hayes, Alexia"
14420,25419,"King, Hunter"
14421,25420,"Scott, Jordan"
14422,25421,"Lewis, Marcus"
14423,25422,"King, Elijah"
14424,25423,"Zhou, Jake"
14425,25424,"Roberts, Ian"
14426,25425,"Diaz, Zachary"
14427,25426,"Foster, Tristan"
14428,25427,"Zeng, Omar"
14429,25428,"Jenkins, Victoria"
14430,25429,"Rana, Candace"
14431,25430,"Hall, Alyssa"
14432,25431,"Sanchez, Ann"
14433,25432,"Gomez, Kellie"
14435,25434,"Hill, Gabriel"
14436,25435,"Turner, Jennifer"
14437,25436,"Ross, Destiny"
14439,25438,"Murphy, Lauren"
14440,25439,"Arthur, Janelle"
14441,25440,"Gonzalez, Andre"
14442,25441,"Torres, Isabella"
14444,25443,"Huang, Stacey"
14445,25444,"Martinez, Meagan"
14446,25445,"Cook, Grace"
14450,25449,"Dominguez, Marvin"
14451,25450,"Deng, Darrell"
14452,25451,"Subram, Geoffrey"
14456,25455,"Zheng, Jorge"
14460,25459,"Vance, Ronald"
14461,25460,"Andersen, Alisha"
14463,25462,"Gray, Angel"
14469,25468,"Suarez, Krista"
14473,25472,"Malhotra, Don"
14487,25486,"Rodriguez, Edgar"
14488,25487,"Rogers, Allison"
14493,25492,"Sanchez, Gabriella"
14498,25497,"Torres, Marcus"
14499,25498,"Kapoor, Shane"
14505,25504,"Sutton, Calvin"
14509,25508,"Cook, Melissa"
14510,25509,"Hayes, Lucas"
14517,25516,"Hernandez, Cheryl"
14522,25521,"Sanchez, Douglas"
14523,25522,"Anand, Casey"
14525,25524,"Anand, Shaun"
14526,25525,"Srini, Heidi"
14527,25526,"Rubio, Armando"
14529,25528,"Butler, Alexandria"
14530,25529,"Sanders, Jared"
14531,25530,"Lopez, Gerald"
14534,25533,"Huang, Suzanne"
14537,25536,"Sai, Rebekah"
14542,25541,"Hernandez, Gary"
14544,25543,"Chen, Ramon"
14549,25548,"Yuan, Colleen"
14551,25550,"Munoz, Krista"
14552,25551,"Torres, Ross"
14553,25552,"Ward, Riley"
14572,25571,"Lopez, Richard"
14576,25575,"Campbell, Elijah"
14582,25581,"Bryant, Kayla"
14584,25583,"Arthur, Carolyn"
14588,25587,"Young, Isaiah"
14590,25589,"Perez, Lydia"
14591,25590,"Gill, Naomi"
14592,25591,"Ray, Preston"
14596,25595,"Rowe, Larry"
14597,25596,"Moreno, Cheryl"
14598,25597,"She, Alan"
14602,25601,"Morgan, Grace"
14603,25602,"Sara, Jermaine"
14611,25610,"Zhao, Brittney"
14619,25618,"Hernandez, Albert"
14623,25622,"Hill, Mary"
14624,25623,"Oliver, Maria"
14625,25624,"Scott, Mary"
14626,25625,"Cai, Krystal"
14630,25629,"Serrano, Micheal"
14634,25633,"Sutton, Tara"
14636,25635,"Zhao, Warren"
14641,25640,"Zhao, Candice"
14646,25645,"Shen, Tommy"
14651,25650,"Srini, Jillian"
14652,25651,"Yuan, Alvin"
14654,25653,"Gao, Alan"
14659,25658,"Dominguez, Ricky"
14665,25664,"Hu, Jon"
14668,25667,"Gao, Jaclyn"
14672,25671,"Arun, Brett"
14675,25674,"Navarro, Reginald"
14679,25678,"Yang, Erica"
14681,25680,"Subram, Manuel"
14682,25681,"Serrano, Melinda"
14685,25684,"Sanchez, Jermaine"
14686,25685,"Liu, Barbara"
14692,25691,"Black, Mitchell"
14703,25702,"Lopez, Evelyn"
14720,25719,"Diaz, Kristine"
14721,25720,"Garcia, Ronald"
14725,25724,"Fernandez, Tabitha"
14726,25725,"Lal, Chad"
14730,25729,"Kapoor, Tabitha"
14731,25730,"Simmons, Isabelle"
14735,25734,"Zheng, Alvin"
14736,25735,"Wu, Suzanne"
14737,25736,"Stone, Darrell"
14738,25737,"Liu, Marshall"
14739,25738,"Ruiz, Jacquelyn"
14743,25742,"He, Tamara"
14745,25744,"Griffin, Gabriel"
14746,25745,"Arun, Mayra"
14752,25751,"Alvarez, Gina"
14755,25754,"Sharma, Calvin"
14757,25756,"Malhotra, Cassandra"
14759,25758,"Gutierrez, Leslie"
14763,25762,"Fernandez, Stefanie"
14764,25763,"Johnson, Hannah"
14765,25764,"Price, Alexandria"
14766,25765,"Watson, Natalie"
14767,25766,"Kelly, Allison"
14768,25767,"Hill, Bailey"
14769,25768,"Ruiz, Tyrone"
14770,25769,"Rubio, Gerald"
14772,25771,"Rivera, Gabriella"
14773,25772,"Kapoor, Harold"
14774,25773,"Simmons, Jack"
14780,25779,"Cai, Marshall"
14781,25780,"Gill, Dana"
14789,25788,"Yuan, Nichole"
14793,25792,"Gonzales, Alyssa"
14794,25793,"Rana, Ann"
14795,25794,"Tang, Kristin"
14796,25795,"Gomez, Marie"
14803,25802,"He, Clayton"
14804,25803,"Xu, Gregory"
14834,25833,"Hernandez, Sabrina"
14835,25834,"Davis, Jeremy"
14836,25835,"Flores, Destiny"
14857,25856,"Sharma, Benjamin"
14858,25857,"Perry, Abigail"
14859,25858,"Gonzales, Mariah"
14860,25859,"Peterson, Mackenzie"
14861,25860,"Thomas, Justin"
14862,25861,"Cooper, Garrett"
14863,25862,"Bell, Jared"
14866,25865,"Butler, Tristan"
14867,25866,"Perry, Tristan"
14868,25867,"Carter, Carlos"
14869,25868,"Lewis, Jessica"
14870,25869,"Parker, Lucas"
14871,25870,"Gonzales, Edward"
14872,25871,"Nelson, Jason"
14873,25872,"Ross, Melanie"
14875,25874,"Hall, Jessica"
14877,25876,"King, Noah"
14878,25877,"Price, Alyssa"
14879,25878,"Simmons, Brianna"
14880,25879,"Wood, Alyssa"
14881,25880,"Kumar, Jackson"
14882,25881,"Clark, Jennifer"
14883,25882,"Roberts, Edward"
14887,25886,"Rogers, Rachel"
14888,25887,"Collins, Jack"
14889,25888,"Edwards, Morgan"
14890,25889,"Munoz, Reginald"
14891,25890,"Brown, Chloe"
14892,25891,"Johnson, Brandon"
14894,25893,"Alexander, Alexia"
14895,25894,"Zeng, Steve"
14896,25895,"Richardson, Jesse"
14897,25896,"Coleman, Marissa"
14898,25897,"Bailey, Kimberly"
14899,25898,"Cai, Brittney"
14900,25899,"Rogers, Caitlin"
14901,25900,"Sanders, Haley"
14902,25901,"Harris, Lucas"
14903,25902,"Li, Cameron"
14904,25903,"Rai, Marshall"
14905,25904,"Collins, Ian"
14906,25905,"Hayes, Nathan"
14909,25908,"Long, Melissa"
14910,25909,"James, Chase"
14911,25910,"Miller, Natalie"
14915,25914,"Hughes, Seth"
14916,25915,"Bryant, Paige"
14917,25916,"Serrano, Naomi"
14918,25917,"Long, Kyle"
14925,25924,"Robinson, Hannah"
14930,25929,"Gray, Alexandra"
14931,25930,"Harris, Ethan"
14932,25931,"Henderson, Ryan"
14933,25932,"Rodriguez, Marcus"
14934,25933,"Stewart, Dalton"
14935,25934,"King, Luke"
14943,25942,"Brooks, Brianna"
14944,25943,"McDonald, Brianna"
14951,25950,"Kumar, Kyle"
14952,25951,"Anderson, Anthony"
14953,25952,"Alonso, Jon"
14954,25953,"Butler, Hunter"
14955,25954,"Carter, Noah"
14956,25955,"Robinson, Anna"
14957,25956,"Ramirez, Charles"
14958,25957,"Washington, Stephanie"
14960,25959,"Hall, Katherine"
14963,25962,"Jenkins, Jordyn"
14964,25963,"Morris, Charles"
14965,25964,"Winston, Christopher"
14966,25965,"Roberts, Andrea"
14967,25966,"Watson, Alex"
14968,25967,"Martinez, Alexis"
14969,25968,"Powell, Benjamin"
14970,25969,"Parker, Jason"
14971,25970,"James, Hailey"
14973,25972,"Henderson, Jocelyn"
14974,25973,"Griffin, Mariah"
14975,25974,"Jai, Noah"
14976,25975,"Gutierrez, Ebony"
14977,25976,"Coleman, Hunter"
14978,25977,"Lopez, Jenna"
14979,25978,"Perez, Morgan"
14980,25979,"Edwards, Miguel"
14981,25980,"Jones, Julia"
14983,25982,"Phillips, Rebecca"
14984,25983,"Alexander, Jack"
14985,25984,"Wright, Isabella"
14986,25985,"Harris, Justin"
14987,25986,"Bryant, Isabel"
14988,25987,"Kumar, Hunter"
14989,25988,"Muñoz, Victor"
14991,25990,"Parker, Jenna"
14994,25993,"Chandra, Heidi"
14995,25994,"Garcia, Richard"
14997,25996,"Murphy, Faith"
14998,25997,"Wright, Katherine"
14999,25998,"Rivera, Richard"
15001,26000,"Lopez, Connor"
15002,26001,"Lee, Nicholas"
15003,26002,"Walker, Samuel"
15004,26003,"Subram, Denise"
15005,26004,"Washington, Arthur"
15006,26005,"Clark, Elizabeth"
15007,26006,"Peterson, Garrett"
15008,26007,"Morgan, Jesse"
15009,26008,"Gonzales, Jennifer"
15010,26009,"Foster, Luis"
15011,26010,"Campbell, Morgan"
15012,26011,"Yanagishima, Daisuke"
15013,26012,"Bebbington, Mark"
15015,26014,"Torres, Olivia"
15016,26015,"Chow, Gabriel"
15017,26016,"King, Fernando"
15018,26017,"Alonso, Derrick"
15019,26018,"Thompson, Zachary"
15039,26038,"Flores, Nicole"
15040,26039,"Garcia, Robert"
15042,26041,"Torres, Gloria"
15043,26042,"Griffin, Devin"
15044,26043,"Becker, Jodi"
15045,26044,"Hughes, Gavin"
15046,26045,"Jenkins, Samuel"
15047,26046,"Kumar, Kara"
15048,26047,"Hall, Ashley"
15049,26048,"Oliver, Brad"
15051,26050,"Ye, Clarence"
15053,26052,"Subram, Carolyn"
15054,26053,"Anderson, Austin"
15055,26054,"Lee, Dylan"
15056,26055,"Foster, Ethan"
15057,26056,"Zeng, Karen"
15058,26057,"Subram, Barry"
15059,26058,"Stewart, Faith"
15060,26059,"Anderson, Andrew"
15061,26060,"Edwards, Kyle"
15062,26061,"Butler, Connor"
15063,26062,"Raji, Chad"
15064,26063,"Lu, Wesley"
15065,26064,"Scott, Logan"
15066,26065,"Powell, Chloe"
15067,26066,"Martinez, Elizabeth"
15068,26067,"Morgan, Erin"
15069,26068,"Patterson, Dylan"
15071,26070,"Patterson, Elijah"
15072,26071,"Henderson, Brittany"
15073,26072,"Zhang, Kelli"
15076,26075,"Walker, Jessica"
15079,26078,"Dominguez, Alberto"
15080,26079,"Robinson, Ryan"
15081,26080,"Roberts, Sydney"
15082,26081,"Green, Edward"
15083,26082,"Johnson, Christian"
15084,26083,"Smith, Alyssa"
15085,26084,"Jenkins, Luke"
15087,26086,"Cox, Sean"
15088,26087,"Price, Ashley"
15089,26088,"Perry, Ethan"
15090,26089,"Rai, Terry"
15091,26090,"Moreno, Mathew"
15092,26091,"Bennett, Chloe"
15093,26092,"Morgan, Devin"
15094,26093,"Washington, Nicole"
15095,26094,"Butler, Sarah"
15097,26096,"Wright, Kevin"
15098,26097,"Flores, Robert"
15099,26098,"Lee, Daniel"
15102,26101,"Smith, Phillip"
15103,26102,"Wood, Ana"
15104,26103,"Yang, Jack"
15105,26104,"Edwards, Timothy"
15106,26105,"Gonzales, Morgan"
15107,26106,"King, Connor"
15108,26107,"Thomas, Alexis"
15109,26108,"Thompson, Dylan"
15110,26109,"Rodriguez, Dalton"
15111,26110,"Alexander, James"
15112,26111,"Coleman, Sarah"
15113,26112,"Perry, Luke"
15115,26114,"Peterson, Isaac"
15117,26116,"Martin, Ashley"
15118,26117,"Wright, Samuel"
15119,26118,"Butler, Ashley"
15120,26119,"Gray, Danielle"
15121,26120,"Lewis, Miguel"
15122,26121,"Nelson, Madeline"
15123,26122,"Gonzales, Lauren"
15124,26123,"Scott, Isabella"
15125,26124,"James, Riley"
15126,26125,"Roberts, Sara"
15127,26126,"Bell, Alexandra"
15128,26127,"Chander, Terry"
15129,26128,"Phillips, Samuel"
15169,26168,"Campbell, Ian"
15170,26169,"White, Alexandra"
15171,26170,"Jenkins, Jeremiah"
15172,26171,"Ruiz, Randall"
15173,26172,"Hernandez, Madeline"
15175,26174,"Adams, Isaac"
15176,26175,"Hughes, Jose"
15179,26178,"Price, Paige"
15182,26181,"Ross, Lucas"
15184,26183,"Arthur, Allen"
15185,26184,"Lal, Louis"
15194,26193,"Edwards, Luis"
15195,26194,"Brown, Miguel"
15196,26195,"Rivera, Alyssa"
15197,26196,"Griffin, Gavin"
15198,26197,"Lopez, Marcus"
15199,26198,"Taylor, Alyssa"
15200,26199,"White, Matthew"
15202,26201,"Watson, Dalton"
15204,26203,"Hall, Nicole"
15210,26209,"Cox, Jan"
15213,26212,"Martinez, Summer"
15222,26221,"Chapman, Kari"
15224,26223,"Sai, Dominic"
15227,26226,"Andersen, Michele"
15228,26227,"Gutierrez, Joe"
15229,26228,"Perez, Carolyn"
15230,26229,"Ye, Cara"
15231,26230,"Ramos, Natasha"
15234,26233,"Chande, Cristina"
15235,26234,"Perry, Antonio"
15237,26236,"Evans, Isabella"
15238,26237,"Martin, Grace"
15239,26238,"Foster, Julia"
15240,26239,"Turner, Kaitlyn"
15241,26240,"Evans, Katelyn"
15242,26241,"Lal, James"
15244,26243,"Gonzalez, Fernando"
15245,26244,"Hughes, Jordan"
15246,26245,"Murphy, Devin"
15247,26246,"Bell, Jade"
15248,26247,"Turner, Sophia"
15249,26248,"Lewis, Thomas"
15250,26249,"Ross, Thomas"
15251,26250,"Simmons, Miguel"
15252,26251,"Huang, Cedric"
15253,26252,"Garcia, Morgan"
15254,26253,"Wright, Dalton"
15255,26254,"Henderson, Seth"
15256,26255,"Alexander, Cameron"
15257,26256,"Rana, Ronald"
15258,26257,"Jimenez, Hector"
15259,26258,"Powell, Angelica"
15260,26259,"Bryant, Hunter"
15261,26260,"Jackson, Ryan"
15262,26261,"Watson, Brooke"
15263,26262,"Thompson, Hannah"
15264,26263,"Collins, Kaitlyn"
15265,26264,"Lal, Elijah"
15266,26265,"Lopez, Tammy"
15267,26266,"Gao, Brent"
15268,26267,"Martin, Matthew"
15269,26268,"Romero, Jonathon"
15272,26271,"Baker, Bailey"
15273,26272,"Hughes, Kelly"
15274,26273,"Suri, Chelsea"
15275,26274,"Wood, Jennifer"
15276,26275,"Johnson, Miguel"
15277,26276,"Huang, Heather"
15278,26277,"Hughes, Jacqueline"
15279,26278,"Wu, Jon"
15281,26280,"Jenkins, Jackson"
15282,26281,"Alexander, Ian"
15283,26282,"Jai, Leonard"
15284,26283,"Diaz, Jeremiah"
15285,26284,"Ward, Garrett"
15286,26285,"Hayes, Kayla"
15287,26286,"Phillips, Evan"
15288,26287,"Baker, Elijah"
15289,26288,"Russell, Alexandra"
15290,26289,"Simmons, Samuel"
15291,26290,"Chen, Noah"
15292,26291,"Walker, Blake"
15293,26292,"Simpson, Marty"
15294,26293,"Carlson, Casey"
15296,26295,"Kapoor, Toni"
15297,26296,"Simmons, Grace"
15298,26297,"Lopez, Jeremiah"
15299,26298,"Peterson, Jasmine"
15300,26299,"Yong, Y."
15301,26300,"Ortega, Audrey"
15302,26301,"Hall, Isaiah"
15303,26302,"Jackson, James"
15304,26303,"Pal, Devon"
15305,26304,"Lewis, Anna"
15306,26305,"Rogers, Julia"
15307,26306,"Holt, Kyle"
15308,26307,"Miller, Alexander"
15309,26308,"Kelly, Sara"
15310,26309,"Powell, Julian"
15312,26311,"Rodriguez, Brenda"
15313,26312,"Wood, Elizabeth"
15314,26313,"Simmons, Dalton"
15315,26314,"Murphy, Angel"
15316,26315,"Peterson, Taylor"
15318,26317,"Wright, Amanda"
15320,26319,"Martinez, Dylan"
15321,26320,"Diaz, Brianna"
15323,26322,"Zhang, Justin"
15324,26323,"Ruiz, Dwayne"
15325,26324,"Brooks, Faith"
15326,26325,"Robinson, Tyler"
15327,26326,"Washington, Trevor"
15328,26327,"Jai, Jack"
15329,26328,"Anderson, Edward"
15330,26329,"Bryant, Angelica"
15331,26330,"Diaz, Marcus"
15332,26331,"Powell, Melanie"
15333,26332,"Mitchell, Aaron"
15334,26333,"Alexander, Alexandria"
15335,26334,"Blanco, Ross"
15336,26335,"Pal, April"
15337,26336,"Brown, Noah"
15338,26337,"Gonzalez, Jennifer"
15339,26338,"Coleman, Anna"
15340,26339,"James, Cindy"
15341,26340,"Morris, Melissa"
15342,26341,"Taylor, Olivia"
15343,26342,"Griffin, Eduardo"
15344,26343,"Washington, Mariah"
15345,26344,"Hughes, Natalie"
15346,26345,"Baker, Connor"
15347,26346,"Suri, Emmanuel"
15348,26347,"Raji, Alvin"
15350,26349,"Lopez, Adam"
15352,26351,"Moore, Emma"
15353,26352,"Fernandez, Cynthia"
15354,26353,"Malhotra, Holly"
15355,26354,"Serrano, Nelson"
15359,26358,"Gonzalez, Mason"
15363,26362,"Torres, Joy"
15364,26363,"Jimenez, Larry"
15367,26366,"Schmidt, Johnathan"
15371,26370,"Bryant, Maria"
15377,26376,"Martinez, Anthony"
15379,26378,"Raje, Colin"
15382,26381,"Romero, Shannon"
15383,26382,"Xu, Dale"
15386,26385,"Muñoz, Javier"
15393,26392,"Rai, Kelli"
15394,26393,"Raman, Donald"
15396,26395,"Gill, Daisy"
15397,26396,"Black, Terry"
15400,26399,"Gonzalez, Erick"
15404,26403,"Navarro, Philip"
15415,26414,"Patel, George"
15416,26415,"Lal, Latoya"
15420,26419,"Suri, Geoffrey"
15421,26420,"Kapoor, Bob"
15449,26448,"Yuan, Kara"
15451,26450,"Ramirez, Lauren"
15452,26451,"Perry, Mariah"
15453,26452,"Martinez, James"
15454,26453,"Peterson, Cole"
15455,26454,"Cox, Sebastian"
15456,26455,"Carter, Samuel"
15458,26457,"Moore, Sydney"
15459,26458,"Moore, Ryan"
15460,26459,"Hayes, Angelica"
15461,26460,"Cook, Gabriella"
15463,26462,"Kelly, Lauren"
15464,26463,"Rogers, Alexa"
15465,26464,"Griffin, Alexandria"
15466,26465,"Evans, Andrea"
15467,26466,"Turner, Kevin"
15468,26467,"Brooks, Nicole"
15469,26468,"Brown, Alyssa"
15470,26469,"Alvarez, Joy"
15471,26470,"Cooper, Marcus"
15472,26471,"Perez, Edward"
15473,26472,"Hughes, David"
15474,26473,"Wood, Anna"
15476,26475,"Gonzalez, Isabella"
15477,26476,"Jai, Jordan"
15478,26477,"Rana, Joel"
15479,26478,"Collins, Sara"
15480,26479,"Cook, Katherine"
15481,26480,"Patterson, Jacqueline"
15482,26481,"Young, Luke"
15484,26483,"Ward, Taylor"
15485,26484,"Patterson, Fernando"
15486,26485,"Bryant, Jason"
15487,26486,"Cook, Andrea"
15488,26487,"Ma, Vincent"
15490,26489,"Collins, Jordan"
15491,26490,"Simmons, Antonio"
15492,26491,"Sanchez, Riley"
15493,26492,"Rodriguez, Ryan"
15494,26493,"Ramos, Lawrence"
15495,26494,"White, Nicholas"
15498,26497,"Sanchez, Karen"
15499,26498,"Hayes, Ethan"
15500,26499,"Ruiz, Renee"
15501,26500,"Ruiz, Billy"
15502,26501,"Parker, Allison"
15503,26502,"Brown, Taylor"
15507,26506,"Srini, Ruth"
15508,26507,"Thakur, Abhijit"
15509,26508,"Ross, Marcus"
15514,26513,"Moreno, Stacy"
15515,26514,"Powell, Cameron"
15516,26515,"Watson, Zoe"
15517,26516,"Perry, Jill"
15518,26517,"Griffin, Melanie"
15519,26518,"Lee, Marcus"
15520,26519,"Wood, Brianna"
15521,26520,"Ramirez, Chloe"
15522,26521,"Taylor, Nathan"
15539,26538,"Black, Warren"
15540,26539,"Hayes, Faith"
15541,26540,"Sanchez, Jada"
15545,26544,"Ramirez, Riley"
15552,26551,"Moore, Noah"
15553,26552,"Turner, Judith"
15554,26553,"Powell, Kayla"
15555,26554,"Garcia, Michael"
15556,26555,"Perry, Jeremy"
15557,26556,"Cooper, Jeremy"
15558,26557,"Morgan, Katelyn"
15574,26573,"Clark, Samantha"
15575,26574,"Allen, Jordan"
15576,26575,"Gonzalez, Toni"
15577,26576,"Robinson, Kaitlyn"
15578,26577,"Edwards, Cindy"
15579,26578,"White, Jeremy"
15580,26579,"Hayes, Hunter"
15581,26580,"Ramirez, Paige"
15582,26581,"Patterson, Mariah"
15584,26583,"Patterson, James"
15585,26584,"Alexander, Benjamin"
15587,26586,"Baker, Alexandra"
15594,26593,"Campbell, Eduardo"
15595,26594,"Wood, Melissa"
15596,26595,"Bailey, Alyssa"
15597,26596,"Hayes, Antonio"
15598,26597,"Lewis, Madison"
15599,26598,"Adams, Charles"
15600,26599,"Reed, Allison"
15601,26600,"Gray, Michelle"
15602,26601,"Gonzalez, Kyle"
15603,26602,"Yang, Noah"
15604,26603,"Ruiz, Sheila"
15605,26604,"West, Elizabeth"
15606,26605,"Foster, Brandon"
15607,26606,"Harris, Hannah"
15608,26607,"Powell, Natalie"
15609,26608,"Nelson, Aaron"
15610,26609,"Kelly, Abigail"
15611,26610,"Perez, Mary"
15612,26611,"Henderson, Kayla"
15613,26612,"Romero, Janet"
15614,26613,"Lal, Priscilla"
15615,26614,"Robinson, Richard"
15617,26616,"Goel, Colin"
15618,26617,"Peterson, Isaiah"
15619,26618,"Morris, Amanda"
15620,26619,"Hill, Thomas"
15622,26621,"Wood, Sarah"
15623,26622,"Howard, Jan"
15624,26623,"Ross, Alexandra"
15625,26624,"Russell, Elizabeth"
15626,26625,"Barnes, Lauren"
15627,26626,"Taylor, Dalton"
15628,26627,"Alexander, Jose"
15629,26628,"Lee, Lucas"
15632,26631,"Stewart, Isaiah"
15633,26632,"Moore, Isabella"
15634,26633,"Ward, Gabrielle"
15635,26634,"Walker, Devin"
15636,26635,"Harris, Jasmine"
15637,26636,"Walker, Miguel"
15638,26637,"Robinson, Thomas"
15639,26638,"Flores, Olivia"
15640,26639,"Diaz, Riley"
15642,26641,"Xie, Arturo"
15643,26642,"Evans, Gabrielle"
15645,26644,"Hernandez, Jenna"
15646,26645,"Richardson, Morgan"
15647,26646,"Perry, Jordyn"
15648,26647,"Simmons, Jasmine"
15649,26648,"Rogers, Riley"
15650,26649,"Perry, Emily"
15651,26650,"Collins, Kevin"
15675,26674,"Jackson, Ashley"
15676,26675,"King, Natalie"
15677,26676,"Jenkins, Emily"
15678,26677,"Johnson, William"
15680,26679,"Perry, Noah"
15681,26680,"Powell, Melissa"
15682,26681,"Jackson, Zachary"
15685,26684,"Andersen, Dustin"
15686,26685,"Baker, Noah"
15688,26687,"Xu, Marshall"
15689,26688,"Xu, Brittney"
15690,26689,"Gill, Arthur"
15691,26690,"Bennett, Alexia"
15692,26691,"Suri, Tina"
15695,26694,"Hughes, Aaron"
15696,26695,"Diaz, Jocelyn"
15697,26696,"Suarez, Robyn"
15698,26697,"Arun, Manuel"
15699,26698,"Rivera, Brooke"
15703,26702,"Arun, Cynthia"
15704,26703,"Miller, Wyatt"
15705,26704,"Alvarez, Frank"
15706,26705,"Jenkins, Eric"
15708,26707,"Brooks, Sydney"
15709,26708,"Washington, Katherine"
15710,26709,"King, Mary"
15711,26710,"Green, Jan"
15712,26711,"Bryant, Mya"
15713,26712,"Wilson, Ashley"
15714,26713,"Edwards, Stephanie"
15715,26714,"Long, Angela"
15716,26715,"Bell, Gabriella"
15718,26717,"Simpson, David"
15719,26718,"Flores, Richard"
15720,26719,"Li, Tamara"
15721,26720,"Watson, Seth"
15722,26721,"Jimenez, Paula"
15723,26722,"McDonald, Alexandra"
15724,26723,"Kelly, Devin"
15725,26724,"Edwards, Sydney"
15726,26725,"Smith, Alexis"
15727,26726,"Rivera, Danielle"
15728,26727,"Clark, Jose"
15729,26728,"Roberts, Elijah"
15730,26729,"Gray, Brian"
15732,26731,"Clark, Ethan"
15733,26732,"Rienstra, Martin"
15734,26733,"Smith, Benjamin"
15735,26734,"Powell, Morgan"
15736,26735,"White, Grace"
15737,26736,"Xu, Lacey"
15738,26737,"Young, Katherine"
15739,26738,"Simmons, Katherine"
15776,26775,"Bryant, Riley"
15777,26776,"Guo, Jenny"
15778,26777,"Clark, Andrew"
15779,26778,"Perez, Sierra"
15780,26779,"Henderson, Alexandra"
15781,26780,"Butler, Julia"
15782,26781,"Cox, Jan"
15784,26783,"Torres, Juan"
15787,26786,"Smith, Seth"
15788,26787,"Moore, Austin"
15789,26788,"Howard, Destiny"
15791,26790,"Cook, Chloe"
15792,26791,"Nath, Kelvin"
15793,26792,"Torres, Casey"
15794,26793,"Nelson, Jesse"
15810,26809,"Morgan, Julia"
15812,26811,"Sanchez, Rachael"
15813,26812,"Hernandez, James"
15814,26813,"Diaz, Xavier"
15815,26814,"Hernandez, Alex"
15816,26815,"Cox, Erin"
15819,26818,"Coleman, Eduardo"
15820,26819,"Mitchell, Devin"
15822,26821,"Guo, Tamara"
15823,26822,"Gonzalez, Cindy"
15824,26823,"Raman, Kaitlin"
15826,26825,"Jimenez, Jamie"
15827,26826,"Romero, Kendra"
15830,26829,"Evans, Morgan"
15832,26831,"Raje, Drew"
15833,26832,"Xie, Kate"
15844,26843,"Gonzalez, Noah"
15846,26845,"Ortega, Theodore"
15848,26847,"Yang, Brent"
15852,26851,"Alvarez, Diane"
15853,26852,"She, Karen"
15858,26857,"Anand, Willie"
15863,26862,"Vance, Tina"
15865,26864,"Sutton, Christine"
15868,26867,"Romero, Danny"
15873,26872,"Hughes, Wyatt"
15874,26873,"Suri, Ann"
15875,26874,"Zhang, Jorge"
15876,26875,"Perez, Bobby"
15879,26878,"Roberts, Madeline"
15880,26879,"Lin, Shannon"
15881,26880,"Xu, Heather"
15885,26884,"James, Paige"
15890,26889,"Torres, Natasha"
15895,26894,"Goel, Lindsey"
15900,26899,"Vance, Rachael"
15913,26912,"Rodriguez, Denise"
15931,26930,"Andersen, Sharon"
15934,26933,"Sanz, Jessie"
15937,26936,"He, Jaclyn"
15941,26940,"Tang, Franklin"
15947,26946,"Madan, Andre"
15949,26948,"Garcia, Abby"
15952,26951,"Hu, Trisha"
15955,26954,"Torres, Gerald"
15958,26957,"Sai, Kristina"
15962,26961,"Chander, Carly"
15964,26963,"Arun, Meredith"
15970,26969,"Hu, Cedric"
15975,26974,"Suarez, Philip"
15978,26977,"Madan, Barry"
15981,26980,"Suarez, Marc"
15982,26981,"Suarez, Audrey"
15984,26983,"Vance, Adriana"
15985,26984,"Prasad, Manuel"
15986,26985,"Diaz, Jésus"
15987,26986,"Watson, Riley"
15988,26987,"Lopez, Roy"
15989,26988,"Srini, Brandy"
15990,26989,"Campbell, Mason"
15991,26990,"Patel, Darren"
15992,26991,"Ortega, Rodney"
15997,26996,"Oliver, Natasha"
15998,26997,"Becker, Katie"
15999,26998,"Perry, Fernando"
16001,27000,"Dominguez, Brandi"
16002,27001,"Kapoor, Carla"
16004,27003,"Jai, Roger"
16005,27004,"Moreno, Philip"
16011,27010,"Patterson, Jordyn"
16012,27011,"Powell, Kevin"
16013,27012,"Jiménez, Anne"
16014,27013,"Yuan, Alisha"
16016,27015,"Torres, Jessica"
16017,27016,"Reed, Lauren"
16018,27017,"Thompson, Jonathan"
16019,27018,"Price, Blake"
16021,27020,"Perry, Rachel"
16022,27021,"Peterson, Victoria"
16024,27023,"Simmons, Emily"
16026,27025,"Rivera, Jasmine"
16030,27029,"Hughes, Elizabeth"
16031,27030,"Gray, Jan"
16032,27031,"Garcia, Jessica"
16033,27032,"Garcia, Miguel"
16034,27033,"Harrison, Ernest"
16035,27034,"Nara, Corey"
16036,27035,"Long, Ana"
16037,27036,"Brown, Hunter"
16038,27037,"Rodriguez, Lauren"
16039,27038,"Reed, Eduardo"
16040,27039,"Lewis, Jonathan"
16041,27040,"Singh, Paul"
16042,27041,"Smith, Edward"
16045,27044,"Long, Carol"
16046,27045,"Brooks, Angel"
16047,27046,"Howard, Allison"
16048,27047,"Rai, Yolanda"
16049,27048,"Watson, Melanie"
16051,27050,"Turner, Chloe"
16052,27051,"Brown, Charles"
16053,27052,"Bailey, Jada"
16055,27054,"Sharma, Shawn"
16056,27055,"Sanchez, Isabella"
16057,27056,"James, Mackenzie"
16058,27057,"Morris, Brooke"
16059,27058,"Butler, Nathan"
16060,27059,"Perry, Hunter"
16064,27063,"Flores, Taylor"
16065,27064,"Chande, Barbara"
16066,27065,"Wright, Jordan"
16067,27066,"Murphy, Cole"
16068,27067,"Rodriguez, Jennifer"
16071,27070,"Davis, Nathan"
16073,27072,"Baker, Alex"
16074,27073,"Sanders, Sydney"
16075,27074,"Sanchez, Kristi"
16077,27076,"Russell, Dakota"
16078,27077,"Henderson, Robert"
16079,27078,"Scott, Chloe"
16080,27079,"Lewis, Natalie"
16081,27080,"Campbell, Nathan"
16082,27081,"Ross, Jason"
16084,27083,"Perry, Kevin"
16087,27086,"Howard, Lauren"
16088,27087,"Clark, Justin"
16089,27088,"Patterson, Tristan"
16090,27089,"Garcia, Janelle"
16091,27090,"Brown, Elizabeth"
16092,27091,"Martin, Miguel"
16093,27092,"Ross, Marissa"
16094,27093,"Martin, Alexandra"
16095,27094,"Kelly, Sean"
16096,27095,"Flores, Spencer"
16097,27096,"Watson, Chase"
16098,27097,"Gonzales, Kaitlyn"
16099,27098,"Wilson, Sarah"
16104,27103,"Brooks, Chloe"
16105,27104,"Zhu, Randy"
16106,27105,"Perez, Sean"
16107,27106,"Allen, Jennifer"
16108,27107,"Stewart, Alexa"
16114,27113,"Diaz, Ashley"
16115,27114,"Thompson, Alexander"
16116,27115,"Navarro, Kristi"
16117,27116,"Gonzalez, Regina"
16118,27117,"Prasad, Jermaine"
16120,27119,"Gonzalez, Mayra"
16121,27120,"Kumar, Clarence"
16128,27127,"Black, Misty"
16130,27129,"Tang, Mindy"
16137,27136,"Coleman, Isabella"
16140,27139,"Liu, Jon"
16155,27154,"Arun, Holly"
16158,27157,"Xu, Raul"
16161,27160,"Vazquez, Brandi"
16162,27161,"Gill, Reginald"
16170,27169,"Xu, Louis"
16173,27172,"Navarro, Jessie"
16174,27173,"Ye, Suzanne"
16175,27174,"Bennett, Fernando"
16177,27176,"Martin, Erik"
16179,27178,"Mehta, Terrance"
16181,27180,"Diaz, Joe"
16184,27183,"Garcia, Geoffrey"
16185,27184,"Subram, Donald"
16188,27187,"Diaz, Lucas"
16189,27188,"She, Claudia"
16190,27189,"Diaz, Elizabeth"
16191,27190,"Reed, Shelby"
16193,27192,"Gonzales, Angelica"
16194,27193,"Miller, Daniel"
16195,27194,"Cooper, Chase"
16196,27195,"Perez, Robert"
16198,27197,"Bell, Isaiah"
16199,27198,"Flores, Jocelyn"
16200,27199,"Wright, Jesse"
16201,27200,"Thompson, Anna"
16202,27201,"Taylor, Jose"
16203,27202,"Hall, James"
16204,27203,"Sanchez, Jennifer"
16205,27204,"Hall, Devin"
16206,27205,"Murphy, Erin"
16207,27206,"Mitchell, Marcus"
16208,27207,"Morris, Taylor"
16210,27209,"Rodriguez, Erick"
16211,27210,"Flores, Hunter"
16212,27211,"Roberts, Isaiah"
16213,27212,"Roberts, Sophia"
16214,27213,"Lewis, Julia"
16215,27214,"Zimmerman, Bianca"
16217,27216,"Diaz, Ana"
16218,27217,"Walker, Julia"
16219,27218,"Allen, Bailey"
16220,27219,"Yang, Benjamin"
16221,27220,"Long, Jackson"
16222,27221,"Jones, Matthew"
16223,27222,"Sai, Virginia"
16224,27223,"Wright, Jeremy"
16225,27224,"Griffin, Jessica"
16226,27225,"Murphy, Isaac"
16227,27226,"Wang, Christian"
16228,27227,"Bryant, Emily"
16229,27228,"Young, Amanda"
16230,27229,"Zhang, Zachary"
16232,27231,"Ramos, Tyrone"
16233,27232,"Thirunavukkarasu, Ram"
16234,27233,"Ward, Seth"
16235,27234,"Jenkins, Gabriel"
16236,27235,"Li, Robert"
16237,27236,"Alexander, Nicole"
16238,27237,"Ramirez, Jasmine"
16239,27238,"Hernandez, Jesse"
16240,27239,"Simmons, Noah"
16241,27240,"Cooper, Dalton"
16242,27241,"Butler, Oscar"
16245,27244,"Kelly, Arianna"
16246,27245,"Jones, Lauren"
16247,27246,"Hall, Aaron"
16248,27247,"Hughes, Blake"
16249,27248,"Taylor, Kayla"
16250,27249,"Cox, Emma"
16251,27250,"Vance, Virginia"
16252,27251,"Flores, Jessica"
16255,27254,"Jimenez, Theodore"
16256,27255,"Rivera, Xavier"
16257,27256,"Lopez, Caleb"
16258,27257,"Sara, Rebekah"
16259,27258,"Flores, Christian"
16261,27260,"Ma, Candice"
16262,27261,"Chande, Omar"
16263,27262,"Hill, Courtney"
16264,27263,"Kumar, Aaron"
16265,27264,"Clark, Jacob"
16267,27266,"Gonzales, Riley"
16269,27268,"Serrano, Latasha"
16270,27269,"Lee, Victoria"
16272,27271,"Reed, Anna"
16273,27272,"Chen, Elijah"
16274,27273,"Miller, Marcus"
16275,27274,"Morris, Marcus"
16276,27275,"Powell, Aidan"
16277,27276,"Alexander, Faith"
16278,27277,"Wood, Jeremy"
16279,27278,"Cook, Brian"
16280,27279,"Brooks, Katelyn"
16281,27280,"Gutierrez, Naomi"
16282,27281,"Nath, Jenny"
16285,27284,"Bailey, Danielle"
16287,27286,"Pal, Shawn"
16288,27287,"Perez, Samuel"
16289,27288,"Richardson, Destiny"
16290,27289,"Long, Anna"
16291,27290,"Evans, Marcus"
16292,27291,"Mehta, Bobby"
16293,27292,"Evans, Julia"
16294,27293,"Jackson, Kaitlyn"
16295,27294,"Bradley, Ana"
16296,27295,"Taylor, Wyatt"
16297,27296,"Ready, Rodrigo"
16302,27301,"Zhou, Clarence"
16308,27307,"Prasad, Andre"
16310,27309,"Deng, Tony"
16311,27310,"Hill, Isabella"
16313,27312,"Sun, Sandra"
16315,27314,"Arthur, Jarrod"
16316,27315,"Mitchell, James"
16317,27316,"Malhotra, Jarrod"
16321,27320,"Green, Jose"
16322,27321,"Zhang, Dylan"
16326,27325,"Liang, Todd"
16328,27327,"Nicholls, Melody"
16331,27330,"Nara, Brendan"
16334,27333,"Luo, Kathryn"
16337,27336,"Suri, George"
16373,27372,"Sai, Andre"
16374,27373,"Rivera, Eduardo"
16375,27374,"Phillips, Robert"
16376,27375,"Wilson, Nicole"
16377,27376,"Gonzalez, Courtney"
16380,27379,"Ross, Isabel"
16382,27381,"Sanz, Miguel"
16383,27382,"Chapman, Kaitlin"
16384,27383,"Hernandez, Jay"
16386,27385,"Ramos, Jonathon"
16387,27386,"Garcia, James"
16388,27387,"Washington, Noah"
16389,27388,"Cox, Xavier"
16390,27389,"Henderson, Lucas"
16391,27390,"Zeng, Leah"
16392,27391,"Young, Logan"
16393,27392,"Romero, Felicia"
16395,27394,"Alexander, Kyle"
16396,27395,"Lu, Jenny"
16397,27396,"Cook, Adrian"
16398,27397,"James, Alex"
16399,27398,"Lee, Alexis"
16400,27399,"Parker, Thomas"
16406,27405,"Shan, Jackson"
16408,27407,"Griffin, Faith"
16409,27408,"Sanchez, Tabitha"
16410,27409,"Smith, Preston"
16411,27410,"Patterson, Brianna"
16412,27411,"Bendixen, Mason"
16413,27412,"Price, Miguel"
16417,27416,"Morris, Jeremiah"
16418,27417,"She, Edwin"
16419,27418,"Coleman, Mya"
16422,27421,"Chander, Mindy"
16423,27422,"Gonzalez, Evan"
16424,27423,"Butler, Dakota"
16425,27424,"Mitchell, Luis"
16426,27425,"Morris, Steven"
16427,27426,"Stewart, Evan"
16428,27427,"Young, Mason"
16431,27430,"Young, Stephanie"
16432,27431,"Jenkins, Ethan"
16433,27432,"Ruiz, Craig"
16434,27433,"Garcia, Barry"
16435,27434,"Patterson, David"
16439,27438,"Shan, Alejandro"
16440,27439,"Ramirez, Chase"
16441,27440,"Howard, Trinity"
16443,27442,"Raman, Janelle"
16444,27443,"Jackson, Jessica"
16445,27444,"Martinez, Kayla"
16446,27445,"Tang, Shaun"
16447,27446,"Jones, Tyler"
16448,27447,"Hayes, Miranda"
16449,27448,"Romero, Marc"
16450,27449,"Cox, Bryan"
16451,27450,"Ross, Abigail"
16453,27452,"Watson, Evan"
16454,27453,"Henderson, Carson"
16456,27455,"Jenkins, Brianna"
16457,27456,"Hughes, Jackson"
16458,27457,"Walker, Elizabeth"
16459,27458,"Liang, Roger"
16460,27459,"Kumar, Kevin"
16461,27460,"Goel, Grant"
16466,27465,"Garcia, Seth"
16467,27466,"Murphy, Abigail"
16479,27478,"Alvarez, Sheila"
16480,27479,"Sanders, Kaitlyn"
16481,27480,"Parker, Chloe"
16482,27481,"Gonzales, Oscar"
16504,27503,"Shen, Warren"
16505,27504,"Lopez, Rebecca"
16506,27505,"Skelly, Bonnie"
16507,27506,"Srini, Carla"
16508,27507,"Li, Valerie"
16509,27508,"Edwards, James"
16510,27509,"Johnson, Zachary"
16511,27510,"Bailey, Cole"
16522,27521,"Foster, Gabriel"
16524,27523,"Martin, Kayla"
16527,27526,"Ma, Ramon"
16528,27527,"Sanchez, Tina"
16529,27528,"Stewart, Jade"
16530,27529,"White, Rachel"
16531,27530,"Ross, Maria"
16532,27531,"Bailey, Abigail"
16533,27532,"Flores, Kaitlyn"
16534,27533,"Perez, Allison"
16535,27534,"Chapman, Candace"
16536,27535,"Cook, Ian"
16538,27537,"Bryant, Amanda"
16539,27538,"Jackson, José"
16540,27539,"Winston, Samuel"
16541,27540,"Butler, Jacqueline"
16542,27541,"Martin, Samantha"
16543,27542,"Rivera, Jessica"
16544,27543,"Griffin, Katherine"
16545,27544,"Hayes, Marissa"
16547,27546,"Ross, Jackson"
16548,27547,"Hill, Kevin"
16549,27548,"Green, Mason"
16550,27549,"Johnson, Hunter"
16552,27551,"Long, Antonio"
16553,27552,"Guo, Shannon"
16554,27553,"Sanders, Julia"
16555,27554,"West, Jordyn"
16556,27555,"Alexander, Isabella"
16557,27556,"Cox, Amanda"
16559,27558,"Kumar, Caleb"
16560,27559,"Rodriguez, Emily"
16562,27561,"Brooks, Kimberly"
16564,27563,"Bennett, Devin"
16565,27564,"Lal, Kevin"
16566,27565,"Wood, Kayla"
16567,27566,"Long, Tristan"
16568,27567,"Foster, Miranda"
16569,27568,"Evans, Miguel"
16570,27569,"Wood, Jocelyn"
16571,27570,"Navarro, Natasha"
16572,27571,"Gao, Shannon"
16573,27572,"Carter, Isaiah"
16574,27573,"Lal, Hunter"
16575,27574,"Hill, Madeline"
16576,27575,"Wilson, Emma"
16577,27576,"Gonzales, Caroline"
16578,27577,"Cook, Patrick"
16579,27578,"Carter, Courtney"
16580,27579,"Suarez, Bruce"
16601,27600,"Sanchez, Destiny"
16602,27601,"Rogers, Sydney"
16604,27603,"Barnes, Mya"
16605,27604,"Brooks, Richard"
16606,27605,"Martinez, Miguel"
16607,27606,"Edwards, Courtney"
16609,27608,"Hernandez, Hector"
16610,27609,"Alonso, Audrey"
16611,27610,"Washington, Jeremy"
16612,27611,"Edwards, Jack"
16613,27612,"Hill, Lucas"
16615,27614,"Ye, Warren"
16616,27615,"Henderson, Maria"
16617,27616,"Brown, Emma"
16618,27617,"Phillips, Morgan"
16619,27618,"Diaz, Melanie"
16620,27619,"Lee, Joseph"
16621,27620,"Hughes, Nicole"
16622,27621,"Brown, Edward"
16623,27622,"Wilson, Lucas"
16624,27623,"Jackson, Christian"
16625,27624,"Russell, Connor"
16626,27625,"Hughes, Alexandria"
16627,27626,"Hayes, Connor"
16628,27627,"Yang, Jason"
16630,27629,"Bryant, Jose"
16631,27630,"Coleman, Xavier"
16632,27631,"Phillips, Gabriella"
16636,27635,"Perry, Grace"
16637,27636,"Murphy, Paige"
16638,27637,"Cook, Gabrielle"
16639,27638,"Brooks, Marcus"
16640,27639,"Price, Emma"
16641,27640,"Thomas, Lauren"
16642,27641,"Alexander, Miranda"
16643,27642,"Johnson, Kayla"
16645,27644,"Sanchez, Alexandria"
16646,27645,"Anand, Colin"
16647,27646,"Li, Jackson"
16648,27647,"Moore, Daniel"
16649,27648,"Rogers, Chase"
16650,27649,"Bailey, Evan"
16651,27650,"Griffin, Richard"
16652,27651,"Murphy, Jeremy"
16653,27652,"Foster, Miguel"
16655,27654,"Diaz, Carrie"
16656,27655,"Alvarez, Melinda"
16658,27657,"Chandra, Frederick"
16659,27658,"Gray, Cole"
16660,27659,"Lopez, Jesse"
16661,27660,"Carlson, Gerald"
16662,27661,"Martinez, Christopher"
16663,27662,"Zheng, Bianca"
16664,27663,"Collins, Aaron"
16665,27664,"Roberts, Luis"
16666,27665,"Patterson, Miguel"
16667,27666,"Garcia, Alyssa"
16668,27667,"Sanchez, Jessica"
16669,27668,"Gonzalez, Kevin"
16670,27669,"Allen, Katelyn"
16671,27670,"Long, Kayla"
16672,27671,"Martinez, Jeremiah"
16674,27673,"Young, Jennifer"
16675,27674,"Rivera, Gabrielle"
16676,27675,"Bell, Arianna"
16677,27676,"Flores, Trevor"
16678,27677,"Powell, Marissa"
16679,27678,"Carter, Angel"
16680,27679,"Walker, Kayla"
16681,27680,"Foster, Benjamin"
16682,27681,"Jackson, Olivia"
16683,27682,"Kelly, Jennifer"
16684,27683,"Reed, Alexandra"
16685,27684,"Coleman, Emma"
16727,27726,"Hall, Sophia"
16728,27727,"Hill, Chloe"
16730,27729,"Phillips, Sophia"
16731,27730,"Cox, Isabella"
16733,27732,"White, Katherine"
16736,27735,"Sanders, Shelby"
16737,27736,"Young, Mackenzie"
16738,27737,"Taylor, Brandon"
16741,27740,"Nath, Jodi"
16742,27741,"Foster, Gabrielle"
16743,27742,"Jones, Devin"
16748,27747,"Henderson, Edward"
16749,27748,"Patterson, Luis"
16750,27749,"Brown, Alexis"
16751,27750,"Phillips, Carlos"
16752,27751,"Cooper, Zoe"
16754,27753,"Morgan, Steven"
16755,27754,"Gonzalez, Marcus"
16756,27755,"Jenkins, Alyssa"
16762,27761,"Madan, Monica"
16766,27765,"Tang, Jerry"
16767,27766,"Vance, Joel"
16768,27767,"Arun, Brandy"
16771,27770,"Zhao, Autumn"
16775,27774,"Munoz, Marc"
16776,27775,"Shen, Nina"
16778,27777,"Martin, Jarred"
16788,27787,"Ramos, Gerald"
16792,27791,"Deng, Shawna"
16793,27792,"Alonso, Jacquelyn"
16798,27797,"Deng, Melvin"
16799,27798,"Bryant, Brandon"
16802,27801,"Cooper, Kaitlyn"
16810,27809,"Sanchez, Arianna"
16812,27811,"Vazquez, Darren"
16814,27813,"Vance, Roy"
16815,27814,"Shan, Katrina"
16824,27823,"Gao, Joan"
16826,27825,"Zimmerman, Christy"
16827,27826,"Xu, Nicolas"
16831,27830,"Hall, Caleb"
16832,27831,"Vazquez, Clinton"
16833,27832,"Powell, Margaret"
16839,27838,"Sai, Janelle"
16844,27843,"Navarro, Gerald"
16856,27855,"Ye, Lisa"
16859,27858,"Skjønaa, Anders"
16860,27859,"Carlson, Danny"
16883,27882,"Hu, Franklin"
16884,27883,"Hernandez, Marc"
16885,27884,"Alonso, Jill"
16898,27897,"Munoz, Robin"
16901,27900,"Prasad, Toni"
16903,27902,"Alonso, Carolyn"
16909,27908,"Sanchez, Adriana"
16912,27911,"Moore, Robert"
16913,27912,"Ramirez, Caitlin"
16914,27913,"Zheng, Brittney"
16915,27914,"Foster, Jasmine"
16916,27915,"Green, Jordan"
16917,27916,"Carter, Aaron"
16918,27917,"Sanders, Andrea"
16919,27918,"Ross, Samantha"
16920,27919,"Lal, Ryan"
16921,27920,"Howard, Mary"
16923,27922,"King, Isabella"
16924,27923,"Arun, Douglas"
16925,27924,"He, Jeffery"
16931,27930,"Sharma, Clarence"
16932,27931,"Patel, Tabitha"
16933,27932,"Diaz, Leslie"
16938,27937,"Alvarez, Kristine"
16942,27941,"Chen, Margaret"
16944,27943,"Alvarez, Sabrina"
16945,27944,"Bell, Dalton"
16948,27947,"Andersen, Alison"
16949,27948,"Sloan, Cathy"
16953,27952,"Perez, Roy"
16960,27959,"Ramos, Armando"
16961,27960,"Alonso, Randall"
16964,27963,"Dominguez, Kendra"
16989,27988,"Ross, Dylan"
16990,27989,"Thomas, Joseph"
16991,27990,"Thompson, Katherine"
16992,27991,"Rivera, Natalie"
16993,27992,"Taylor, Dylan"
16994,27993,"Miller, Hunter"
16995,27994,"Rai, Jodi"
16996,27995,"Stewart, Carlos"
16997,27996,"Alexander, Angela"
16998,27997,"Malhotra, Lydia"
17000,27999,"Shan, Nathan"
17002,28001,"Rodriguez, Sydney"
17003,28002,"Kumar, Christy"
17004,28003,"Sanchez, Julia"
17005,28004,"Edwards, Andrea"
17006,28005,"Young, Amber"
17007,28006,"Torres, Seth"
17008,28007,"Ye, Clayton"
17009,28008,"Baker, Jada"
17010,28009,"Washington, Arianna"
17011,28010,"Long, Justin"
17012,28011,"Lan, Andrew"
17013,28012,"Stewart, Ian"
17015,28014,"Robinson, Rachel"
17016,28015,"Chen, Christian"
17017,28016,"Sanders, Cody"
17018,28017,"Martin, Christopher"
17019,28018,"Foster, Rachel"
17020,28019,"Ramirez, Melissa"
17021,28020,"Griffin, Lucas"
17023,28022,"Lopez, Jason"
17024,28023,"James, Andrea"
17025,28024,"Perry, Miguel"
17027,28026,"Ross, Paige"
17029,28028,"Allen, Elijah"
17030,28029,"Price, Seth"
17031,28030,"Gonzalez, Jason"
17032,28031,"Navarro, Kari"
17033,28032,"Coleman, Grace"
17034,28033,"Jenkins, Gavin"
17038,28037,"Gonzales, Jeremiah"
17039,28038,"Gomez, Philip"
17040,28039,"Lee, Xavier"
17041,28040,"Mitchell, Jack"
17042,28041,"Wright, Rebecca"
17043,28042,"Brown, Joseph"
17044,28043,"Young, Gabrielle"
17045,28044,"Navarro, Jimmy"
17048,28047,"Sanchez, Jay"
17049,28048,"Powell, Samuel"
17050,28049,"Washington, Xavier"
17051,28050,"Evans, Isaiah"
17053,28052,"Li, Franklin"
17054,28053,"Howard, Jared"
17055,28054,"Cox, Carol"
17056,28055,"Peterson, Brooke"
17057,28056,"Gray, Alex"
17058,28057,"Anderson, Rachel"
17059,28058,"Alvarez, Jaime"
17060,28059,"Shen, Bradley"
17061,28060,"Rodriguez, Blake"
17062,28061,"Lopez, Kyle"
17063,28062,"Roberts, Xavier"
17064,28063,"Turner, Gabrielle"
17065,28064,"Nath, Tamara"
17066,28065,"Gill, Carrie"
17067,28066,"Taylor, Justin"
17068,28067,"Bennett, Olivia"
17069,28068,"Wood, Amanda"
17071,28070,"Morris, Ian"
17072,28071,"Ross, Trevor"
17076,28075,"Jones, Edward"
17077,28076,"Williams, Logan"
17078,28077,"Williams, Sarah"
17079,28078,"Young, Jack"
17082,28081,"Watson, Paige"
17083,28082,"Peterson, Nathaniel"
17084,28083,"Foster, Kaitlyn"
17085,28084,"McDonald, Cameron"
17086,28085,"Evans, Jeremiah"
17087,28086,"Anand, Bridget"
17088,28087,"Simmons, Maria"
17089,28088,"Lal, Marshall"
17090,28089,"Campbell, Xavier"
17091,28090,"Walker, Edward"
17094,28093,"Kumar, Brad"
17095,28094,"Peterson, Melanie"
17096,28095,"Bryant, Natalie"
17097,28096,"Stewart, Alexandra"
17098,28097,"Barnes, Jennifer"
17100,28099,"Turner, Jesse"
17101,28100,"Gray, Kimberly"
17105,28104,"Williams, Hannah"
17106,28105,"Garcia, Hannah"
17107,28106,"Williams, Chloe"
17113,28112,"Evans, Savannah"
17123,28122,"King, Gabriel"
17124,28123,"Ortega, Daisy"
17125,28124,"Kelly, Mackenzie"
17126,28125,"Jackson, Dalton"
17127,28126,"Johnson, Anna"
17128,28127,"Price, Fernando"
17129,28128,"Lee, Jeremiah"
17132,28131,"Zhu, Todd"
17143,28142,"Lin, Willie"
17144,28143,"Gonzalez, Samuel"
17145,28144,"Phillips, Noah"
17146,28145,"Jones, Brandon"
17147,28146,"Washington, Gavin"
17148,28147,"Black, Omar"
17149,28148,"Zhao, Jon"
17150,28149,"Miller, William"
17151,28150,"Chen, Connor"
17152,28151,"Walker, Katherine"
17153,28152,"Rivera, Ian"
17155,28154,"Patterson, Katherine"
17156,28155,"Watson, Taylor"
17157,28156,"Hall, Gabrielle"
17159,28158,"Luo, Clarence"
17160,28159,"Yang, Tamara"
17163,28162,"Ward, Bruce"
17164,28163,"Washington, Rachel"
17165,28164,"Coleman, Gabrielle"
17167,28166,"Coleman, Cassidy"
17168,28167,"Hughes, Samuel"
17169,28168,"Ward, Jacqueline"
17171,28170,"Johnson, Isabella"
17172,28171,"Henderson, Aidan"
17173,28172,"Moore, Charles"
17175,28174,"Subram, Marco"
17176,28175,"Subram, Clifford"
17180,28179,"Alvarez, Billy"
17181,28180,"Chander, Jerry"
17182,28181,"Rodriguez, Katherine"
17183,28182,"Turner, Fernando"
17184,28183,"Howard, Nicole"
17185,28184,"Russell, Madison"
17186,28185,"Alexander, Eric"
17187,28186,"Wagner, Jenny"
17188,28187,"Chen, Aaron"
17189,28188,"Price, Kayla"
17191,28190,"Cook, Kimberly"
17192,28191,"Long, Mya"
17193,28192,"Sanchez, Abigail"
17194,28193,"Davis, Taylor"
17195,28194,"Garcia, Lydia"
17197,28196,"Cox, Timothy"
17200,28199,"Jones, Alyssa"
17201,28200,"Henderson, Morgan"
17222,28221,"Rodriguez, Isabella"
17223,28222,"Lewis, Eduardo"
17224,28223,"Davis, Jessica"
17225,28224,"Henderson, Spencer"
17226,28225,"Ross, Robert"
17227,28226,"Ramirez, Sebastian"
17228,28227,"Wang, Caleb"
17229,28228,"Reed, Gloria"
17230,28229,"Wilson, Samantha"
17231,28230,"Morgan, Stephanie"
17232,28231,"Powell, James"
17233,28232,"Russell, Gavin"
17234,28233,"Richardson, Patrick"
17235,28234,"Nelson, Jack"
17236,28235,"Rogers, Cole"
17237,28236,"Diaz, Isabel"
17238,28237,"Foster, Hailey"
17239,28238,"Flores, Dalton"
17241,28240,"Clark, Eduardo"
17242,28241,"King, Charles"
17243,28242,"Butler, Madison"
17244,28243,"Cook, Marcus"
17245,28244,"Davis, Samantha"
17247,28246,"Gray, Alexa"
17248,28247,"Adams, Jonathan"
17250,28249,"Carter, Julia"
17251,28250,"Dominguez, Tyrone"
17252,28251,"Rubio, Joe"
17253,28252,"Murphy, Sydney"
17254,28253,"Green, Jeremiah"
17256,28255,"Clark, Robert"
17257,28256,"Beck, Colin"
17258,28257,"Martin, Zachary"
17259,28258,"Bryant, Destiny"
17260,28259,"Mitchell, Samuel"
17263,28262,"Diaz, Destiny"
17264,28263,"Lee, Jonathan"
17265,28264,"Diaz, Nicole"
17266,28265,"Travers, Shirleen"
17267,28266,"Flores, Wyatt"
17268,28267,"Young, Jordan"
17269,28268,"Campbell, Jordan"
17270,28269,"Green, Alexandra"
17271,28270,"Long, Samuel"
17272,28271,"Gonzalez, Sean"
17274,28273,"Mitchell, Madeline"
17275,28274,"Rodriguez, William"
17276,28275,"Howard, Ian"
17277,28276,"Deng, Christy"
17278,28277,"Deng, Katrina"
17279,28278,"Becker, Jaime"
17280,28279,"Simmons, Spencer"
17281,28280,"Powell, Tristan"
17282,28281,"Cox, Juan"
17283,28282,"Foster, Cindy"
17286,28285,"King, Savannah"
17287,28286,"Alexander, Destiny"
17288,28287,"Bennett, Lauren"
17289,28288,"Srini, Marco"
17290,28289,"Gonzales, Jack"
17292,28291,"Miller, David"
17294,28293,"Cox, Shelby"
17295,28294,"Jenkins, Alexis"
17296,28295,"Collins, Wyatt"
17297,28296,"Butler, Thomas"
17298,28297,"Edwards, Gabrielle"
17299,28298,"Edwards, Maria"
17300,28299,"Shan, Jonathan"
17301,28300,"Bennett, Abigail"
17302,28301,"Long, Jasmine"
17331,28330,"Bailey, Charles"
17332,28331,"Beck, Colleen"
17334,28333,"Jimenez, Jaime"
17335,28334,"Tanara, Marco"
17336,28335,"Srini, Rebekah"
17337,28336,"Martin, Edward"
17338,28337,"Bennett, Melissa"
17340,28339,"Edwards, Sean"
17341,28340,"Butler, Lucas"
17344,28343,"Morgan, Shelby"
17345,28344,"Zhu, Alvin"
17346,28345,"Serrano, Diana"
17348,28347,"Anand, Latoya"
17356,28355,"James, Carlos"
17357,28356,"Gonzalez, Blake"
17359,28358,"Powell, Austin"
17361,28360,"Adams, Isaiah"
17362,28361,"Wilson, Kayla"
17363,28362,"Sanchez, Kaylee"
17370,28369,"Moreno, Carolyn"
17375,28374,"Vance, Ruben"
17377,28376,"Chen, Eugene"
17382,28381,"Tang, Cedric"
17383,28382,"Ortega, Roberto"
17384,28383,"Zhou, Lacey"
17389,28388,"Rowe, Sheila"
17397,28396,"Munoz, Rebekah"
17401,28400,"Anand, Cedric"
17405,28404,"Raman, Whitney"
17406,28405,"Malhotra, Erick"
17410,28409,"Rai, Bonnie"
17422,28421,"Gonzalez, Monica"
17424,28423,"Ortega, Victor"
17431,28430,"Suarez, Armando"
17433,28432,"Carlson, Bruce"
17435,28434,"Lauer, Brian"
17436,28435,"Liu, Edwin"
17446,28445,"She, Shaun"
17451,28450,"Martin, Nelson"
17454,28453,"Lin, Valerie"
17455,28454,"Simpson, Shawna"
17456,28455,"Sara, Raymond"
17462,28461,"Dominguez, Joe"
17466,28465,"Serrano, Wendy"
17468,28467,"Tang, Tasha"
17473,28472,"Ramos, Kellie"
17490,28489,"Zhu, Jeffery"
17491,28490,"Ramos, Krista"
17494,28493,"Wilson, Morgan"
17495,28494,"Martinez, Ross"
17498,28497,"Yang, Alvin"
17500,28499,"Srini, Lydia"
17501,28500,"Gonzalez, Jermaine"
17502,28501,"Perez, Gerald"
17503,28502,"Jordan, Dominique"
17506,28505,"Xie, Barbara"
17508,28507,"Suri, Deanna"
17510,28509,"Diaz, Audrey"
17514,28513,"Fernandez, Molly"
17519,28518,"Sanchez, Tammy"
17522,28521,"Tang, Bradley"
17523,28522,"Ma, Rosa"
17529,28528,"Chande, Tasha"
17532,28531,"Reed, Jared"
17539,28538,"Sanz, Jerome"
17544,28543,"Ye, Roger"
17545,28544,"Shan, Nicolas"
17549,28548,"Ortega, Krista"
17555,28554,"Sanders, Natalie"
17556,28555,"Serrano, Monique"
17557,28556,"Gonzales, Isabel"
17559,28558,"Stone, Dawn"
17564,28563,"Cai, Dennis"
17565,28564,"Deng, Alisha"
17566,28565,"Allen, James"
17567,28566,"Sun, Colin"
17569,28568,"Alonso, Daisy"
17572,28571,"Torres, Anna"
17573,28572,"Ye, Jeffery"
17574,28573,"Gill, Tyrone"
17577,28576,"Uppal, Sunil"
17578,28577,"Harris, Austin"
17579,28578,"Rogers, Zoe"
17580,28579,"Ross, Grace"
17581,28580,"Liu, Aimee"
17583,28582,"Hall, Olivia"
17584,28583,"Long, Ryan"
17585,28584,"Smith, Rolando"
17586,28585,"Russell, Julian"
17587,28586,"Diaz, Gabriel"
17588,28587,"Harris, Xavier"
17589,28588,"Griffin, Emma"
17591,28590,"Jai, Gabriel"
17592,28591,"Collins, Mary"
17593,28592,"Johnson, Alyssa"
17594,28593,"Peterson, Faith"
17595,28594,"Cooper, Sydney"
17596,28595,"James, Xavier"
17597,28596,"Butler, Haley"
17598,28597,"Harris, Brianna"
17599,28598,"Russell, Wyatt"
17600,28599,"Perry, Stephanie"
17602,28601,"Gonzales, Christian"
17604,28603,"Bell, Brian"
17605,28604,"James, Allison"
17606,28605,"Coleman, Caleb"
17607,28606,"Wilson, Joshua"
17608,28607,"Sharma, Hunter"
17610,28609,"Harris, Jose"
17611,28610,"Bailey, Jacqueline"
17612,28611,"Alexander, Christian"
17613,28612,"Roberts, Gabriel"
17614,28613,"Campbell, James"
17615,28614,"Jenkins, Luis"
17616,28615,"Flores, Jonathan"
17617,28616,"Harris, Sarah"
17618,28617,"Davis, Noah"
17619,28618,"Bailey, Katelyn"
17620,28619,"Bailey, Brianna"
17622,28621,"Liu, Kristen"
17623,28622,"Cooper, Julia"
17624,28623,"Turner, Marcus"
17626,28625,"Griffin, Logan"
17628,28627,"Collins, Edward"
17629,28628,"Phillips, Courtney"
17630,28629,"Madan, Cynthia"
17633,28632,"Nath, Kathryn"
17634,28633,"Howard, Christina"
17635,28634,"Mitchell, Nathan"
17636,28635,"Gonzalez, Levi"
17637,28636,"Bryant, Victoria"
17638,28637,"Lee, Brandon"
17639,28638,"Thompson, Alexandra"
17640,28639,"Morgan, Jacqueline"
17642,28641,"Butler, Brittany"
17643,28642,"Ward, Lauren"
17644,28643,"Gray, Xavier"
17645,28644,"Chow, Martha"
17646,28645,"Fernandez, Martin"
17650,28649,"Martinez, Nathan"
17652,28651,"Brown, Lauren"
17654,28653,"Williams, Grace"
17655,28654,"Nelson, Miguel"
17656,28655,"Smith, Devin"
17658,28657,"Hayes, Ryan"
17659,28658,"Bailey, Jasmine"
17661,28660,"Anderson, Justin"
17662,28661,"Ward, Dalton"
17663,28662,"Murphy, Isaiah"
17665,28664,"Sharma, Ashlee"
17666,28665,"Anand, Donna"
17667,28666,"Zhu, Kelvin"
17668,28667,"Williams, Devin"
17671,28670,"Gonzales, Julia"
17672,28671,"Russell, Gabrielle"
17673,28672,"Johnson, Blake"
17674,28673,"Reed, Arianna"
17675,28674,"Yang, Nathan"
17676,28675,"Mitchell, Angel"
17677,28676,"Bailey, Alex"
17678,28677,"Tang, Damien"
17679,28678,"Adams, Ben"
17680,28679,"Bryant, Julian"
17681,28680,"Brown, Hannah"
17682,28681,"Johnson, Victoria"
17683,28682,"Perry, Cassidy"
17685,28684,"Saunders, Kristi"
17687,28686,"Jai, Sheena"
17688,28687,"Gutierrez, Javier"
17689,28688,"Ye, Margaret"
17692,28691,"Andersen, Alejandro"
17699,28698,"Madan, Kristina"
17700,28699,"Lu, Leah"
17701,28700,"Garcia, Summer"
17702,28701,"Gill, Felicia"
17703,28702,"Martin, Danny"
17706,28705,"Powell, Ashley"
17707,28706,"Ashe, Reginald"
17711,28710,"Vazquez, Tyrone"
17727,28726,"Liang, Kelli"
17742,28741,"Dominguez, Bruce"
17745,28744,"Xu, Jenny"
17753,28752,"Subram, Andre"
17755,28754,"Nara, Chad"
17761,28760,"Hall, Lucas"
17762,28761,"Campbell, Robert"
17763,28762,"Henderson, Aaron"
17764,28763,"Pal, Mohamed"
17765,28764,"Rubio, Frank"
17766,28765,"Gonzales, Abigail"
17769,28768,"Rodriguez, Emmanuel"
17770,28769,"Foster, Brianna"
17771,28770,"James, Sebastian"
17773,28772,"Hughes, Eric"
17774,28773,"Malhotra, Gerald"
17775,28774,"Rowe, Latasha"
17776,28775,"Anderson, Morgan"
17777,28776,"Morris, Abigail"
17778,28777,"Wood, Brittany"
17781,28780,"Griffin, Melissa"
17782,28781,"Collins, Alex"
17783,28782,"Howard, Cody"
17784,28783,"Rivera, Makayla"
17785,28784,"Gomez, Briana"
17786,28785,"Foster, Jose"
17787,28786,"Prasad, Erick"
17788,28787,"Wood, Gabrielle"
17789,28788,"Martinez, Dominique"
17790,28789,"Zhang, Elijah"
17791,28790,"Howard, Seth"
17792,28791,"Johnston, Richard"
17793,28792,"Stone, Henry"
17794,28793,"Jackson, Alexander"
17795,28794,"Cooper, Juan"
17796,28795,"Allen, Jesse"
17797,28796,"Coleman, Cameron"
17798,28797,"Wood, Alexandra"
17800,28799,"Nelson, Amber"
17801,28800,"Sanchez, Mason"
17802,28801,"Hall, Katelyn"
17804,28803,"Edwards, Gabriella"
17805,28804,"Allen, Wyatt"
17806,28805,"Bennett, Marissa"
17807,28806,"Hernandez, Randall"
17816,28815,"James, Lauren"
17817,28816,"Cox, Jessica"
17821,28820,"Alvarez, Naomi"
17822,28821,"Jackson, Blake"
17823,28822,"Alexander, Amanda"
17824,28823,"Brown, Xavier"
17825,28824,"Gonzales, Brandon"
17826,28825,"Hernandez, Caleb"
17827,28826,"Sharma, Jack"
17828,28827,"Robinson, Joshua"
17829,28828,"Murphy, Andrea"
17830,28829,"Bryant, Robert"
17831,28830,"Smith, Matthew"
17832,28831,"Harris, Elizabeth"
17834,28833,"Harris, Abigail"
17836,28835,"Phillips, Elijah"
17839,28838,"Ross, Jasmine"
17840,28839,"Parker, Connor"
17841,28840,"Harrison, Valerie"
17842,28841,"Gonzales, Samuel"
17843,28842,"Bailey, Nicole"
17857,28856,"Wang, Luke"
17858,28857,"Johnson, Matthew"
17859,28858,"Hughes, Aidan"
17860,28859,"Cai, Micah"
17861,28860,"Anderson, Ian"
17862,28861,"Walker, Alexandra"
17863,28862,"Ramirez, Catherine"
17864,28863,"Bell, Allison"
17865,28864,"Murphy, Natalie"
17866,28865,"Reed, Alex"
17867,28866,"Adams, Aaron"
17868,28867,"Martinez, Natalie"
17869,28868,"Chen, Jason"
17870,28869,"Howard, Isabella"
17871,28870,"Watson, Brian"
17872,28871,"West, Jasmine"
17874,28873,"Deng, Roger"
17875,28874,"Brooks, Alexa"
17877,28876,"Garcia, Austin"
17888,28887,"Serrano, Casey"
17890,28889,"Beck, Alison"
17891,28890,"Ma, Jaclyn"
17896,28895,"Luo, Mitchell"
17901,28900,"Price, Jasmine"
17902,28901,"Hee, Martha"
17903,28902,"She, Suzanne"
17921,28920,"Alvarez, Renée"
17966,28965,"Morris, Trinity"
17967,28966,"Li, Martha"
17968,28967,"Morris, Jessica"
17969,28968,"Morgan, Marcus"
17970,28969,"Flores, Eduardo"
17971,28970,"Peterson, Danielle"
17972,28971,"Shan, Jason"
17973,28972,"Bennett, Taylor"
17974,28973,"Cooper, Bryan"
17975,28974,"Hayes, Kelly"
17976,28975,"Gill, Walter"
17978,28977,"Nelson, Carlos"
17979,28978,"Watson, Alexandria"
17980,28979,"Williams, Matthew"
17981,28980,"Watson, Alyssa"
17982,28981,"Jai, Luke"
17983,28982,"Watson, Sydney"
17984,28983,"Lopez, Sean"
17985,28984,"Cox, Katherine"
17986,28985,"Taylor, Andrew"
17988,28987,"Harris, Jessica"
17989,28988,"Perez, Harold"
17990,28989,"Cox, Angela"
17991,28990,"Raman, Ann"
17992,28991,"Ward, Timothy"
17994,28993,"Perry, Destiny"
17995,28994,"Hayes, Noah"
17996,28995,"Wright, Alexandra"
17998,28997,"Carlson, Hector"
17999,28998,"Rodriguez, Kristina"
18000,28999,"Martinez, Edward"
18001,29000,"Baker, Nathan"
18003,29002,"Walker, Hannah"
18004,29003,"Perez, Veronica"
18005,29004,"Thomas, Andrew"
18007,29006,"Kumar, Christian"
18008,29007,"Perry, Elijah"
18009,29008,"Luo, Andres"
18010,29009,"Arun, Stanley"
18011,29010,"Long, Jennifer"
18012,29011,"Roberts, Allison"
18015,29014,"Powell, Ryan"
18016,29015,"Murphy, Trinity"
18017,29016,"Perez, Jackson"
18018,29017,"Long, Gabriel"
18019,29018,"Luo, Drew"
18020,29019,"Morris, Isaiah"
18021,29020,"Young, Jackson"
18023,29022,"Diaz, Sydney"
18024,29023,"Campbell, Dalton"
18025,29024,"Blanco, Deanna"
18026,29025,"Hayes, Miguel"
18027,29026,"Mitchell, Sydney"
18029,29028,"Parker, Samuel"
18030,29029,"Bennett, Marcus"
18031,29030,"Adams, Jeremy"
18032,29031,"Chen, Brandon"
18033,29032,"Ramirez, Taylor"
18034,29033,"Cooper, Natalie"
18035,29034,"Patterson, Jonathan"
18036,29035,"Scott, Elijah"
18037,29036,"Baker, Rebecca"
18039,29038,"Hughes, Vanessa"
18040,29039,"Hayes, Xavier"
18041,29040,"Liu, Colleen"
18045,29044,"Wilson, Olivia"
18046,29045,"Jones, Anna"
18047,29046,"Richardson, Gabriella"
18049,29048,"Harris, William"
18050,29049,"Simmons, Kelly"
18051,29050,"Russell, Jack"
18052,29051,"She, Michele"
18053,29052,"Peterson, Ian"
18057,29056,"Griffin, Angelica"
18058,29057,"Andersen, Latoya"
18059,29058,"Reed, Olivia"
18060,29059,"Perry, Jocelyn"
18061,29060,"Washington, David"
18071,29070,"Simmons, Arianna"
18074,29073,"Barnes, Melanie"
18075,29074,"Long, Joan"
18076,29075,"Wright, Jack"
18077,29076,"Miller, Megan"
18078,29077,"Henderson, Blake"
18079,29078,"Sanders, Victoria"
18080,29079,"Rogers, Brian"
18090,29089,"Henderson, Noah"
18106,29105,"Ma, Martha"
18107,29106,"Beck, Calvin"
18108,29107,"Luo, Tonya"
18109,29108,"Evans, Seth"
18110,29109,"Miller, Elizabeth"
18111,29110,"Smith, Sydney"
18112,29111,"Anand, Dale"
18113,29112,"Powell, Edward"
18126,29125,"Reed, Andrea"
18127,29126,"Cox, Chloe"
18128,29127,"Murphy, Bryan"
18129,29128,"Reed, Alyssa"
18130,29129,"Watson, Timothy"
18132,29131,"Coleman, Brandon"
18133,29132,"Cook, Brianna"
18134,29133,"King, Sydney"
18135,29134,"Dominguez, Pedro"
18137,29136,"Bryant, Caroline"
18139,29138,"Wood, Eduardo"
18140,29139,"Coleman, Riley"
18141,29140,"Ward, Richard"
18142,29141,"Wang, Suzanne"
18143,29142,"Smith, Ashley"
18144,29143,"Jenkins, Grace"
18145,29144,"Zhang, Brandon"
18146,29145,"Gray, Shelby"
18147,29146,"Henderson, Ian"
18148,29147,"Roberts, Mary"
18149,29148,"Murphy, Gabriella"
18151,29150,"Griffin, Wyatt"
18152,29151,"Long, Caroline"
18154,29153,"Arun, Pedro"
18156,29155,"Kelly, Gabriella"
18157,29156,"Barnes, Ashley"
18158,29157,"Powell, Seth"
18159,29158,"Edwards, Ian"
18161,29160,"Baker, Logan"
18162,29161,"Martinez, Thomas"
18163,29162,"Murphy, Xavier"
18164,29163,"Murphy, Mason"
18165,29164,"James, Jennifer"
18167,29166,"Hernandez, Jaime"
18168,29167,"Shen, Dawn"
18169,29168,"Romero, Derrick"
18170,29169,"Bailey, Victoria"
18171,29170,"Adams, Alexandra"
18172,29171,"Alvarez, Jay"
18173,29172,"Carson, Arturo"
18174,29173,"Bradley, Richard"
18175,29174,"Parker, Richard"
18176,29175,"Rivera, Sean"
18178,29177,"Martin, Frank"
18199,29198,"Ramirez, Faith"
18200,29199,"Wilson, James"
18201,29200,"Collins, Jackson"
18202,29201,"Jai, Kara"
18203,29202,"Kumar, Jerry"
18204,29203,"Hu, Laura"
18205,29204,"Sharma, Austin"
18206,29205,"Long, David"
18207,29206,"Anderson, Nicholas"
18208,29207,"James, Katelyn"
18209,29208,"Lopez, Amber"
18211,29210,"Peterson, Devin"
18212,29211,"Ross, Stephanie"
18213,29212,"Gonzales, Jocelyn"
18216,29215,"Barnes, Abigail"
18217,29216,"Wood, Antonio"
18218,29217,"Wilson, Alexis"
18219,29218,"Moore, Brandon"
18220,29219,"Arun, Darren"
18221,29220,"Ramos, Melinda"
18222,29221,"Bennett, Kelly"
18223,29222,"Perez, Evan"
18224,29223,"Phillips, Angel"
18225,29224,"Bailey, Kaylee"
18226,29225,"Lee, Matthew"
18227,29226,"Lee, Katherine"
18228,29227,"Patel, Levi"
18229,29228,"Campbell, Courtney"
18233,29232,"Simmons, Samantha"
18234,29233,"Sanders, Caitlin"
18235,29234,"Lopez, Kevin"
18236,29235,"Rogers, Isaiah"
18237,29236,"Young, Eric"
18238,29237,"Jenkins, Jennifer"
18239,29238,"Powell, Xavier"
18240,29239,"Miller, Samantha"
18242,29241,"Evans, Sophia"
18243,29242,"Thomas, Blake"
18244,29243,"Torres, Jared"
18245,29244,"Ross, Eric"
18246,29245,"Roberts, Angel"
18247,29246,"Williams, Thomas"
18249,29248,"Martin, Jonathan"
18250,29249,"Long, Austin"
18251,29250,"Williams, Anthony"
18252,29251,"Zhou, Mandy"
18253,29252,"Parker, Alex"
18254,29253,"Green, Savannah"
18255,29254,"Sanchez, Erin"
18256,29255,"Washington, Kyle"
18258,29257,"Russell, Jeremiah"
18259,29258,"James, Makayla"
18261,29260,"Carlson, Ricky"
18262,29261,"Turner, Robert"
18263,29262,"Raje, Cassie"
18264,29263,"Li, Nathan"
18265,29264,"Brooks, Riley"
18266,29265,"Diaz, Marissa"
18269,29268,"Thomas, Marcus"
18270,29269,"Griffin, Vanessa"
18271,29270,"Allen, Carlos"
18272,29271,"Henderson, Antonio"
18273,29272,"King, Alex"
18274,29273,"Lopez, Timothy"
18275,29274,"Green, Miguel"
18276,29275,"Thomas, Taylor"
18277,29276,"Flores, Sydney"
18279,29278,"Scott, Janet"
18280,29279,"Turner, Hailey"
18281,29280,"Cook, Erin"
18284,29283,"Smith, Jeff"
18285,29284,"Hughes, Riley"
18286,29285,"Adams, Thomas"
18323,29322,"Alexander, Gavin"
18325,29324,"Williams, Kayla"
18326,29325,"Thomas, Cameron"
18327,29326,"Diaz, Victoria"
18328,29327,"Chandra, Allen"
18329,29328,"Alexander, Jason"
18330,29329,"Campbell, Lucas"
18331,29330,"Ward, Alexa"
18335,29334,"Howard, Paige"
18336,29335,"Bryant, Justin"
18349,29348,"Bryant, Miguel"
18350,29349,"Bryant, Gabrielle"
18351,29350,"Thompson, Julia"
18353,29352,"Gonzalez, Lydia"
18354,29353,"Gomez, Orlando"
18355,29354,"Edwards, Isaiah"
18356,29355,"Fernandez, Virginia"
18357,29356,"Diaz, Casey"
18363,29362,"Chandra, Emmanuel"
18364,29363,"Jai, Cristina"
18366,29365,"Carlson, Cheryl"
18371,29370,"Kelly, Mason"
18372,29371,"Walker, Matthew"
18375,29374,"Sai, Shane"
18376,29375,"Malhotra, Sergio"
18378,29377,"Carlson, Rebekah"
18382,29381,"Shen, Melvin"
18386,29385,"Lal, Don"
18392,29391,"Chandra, Ebony"
18395,29394,"Torres, Raquel"
18397,29396,"Zeng, Arturo"
18399,29398,"Suri, Bruce"
18400,29399,"Gomez, Janet"
18401,29400,"Browning, Marvin"
18404,29403,"Romero, Erik"
18407,29406,"Ward, Melissa"
18410,29409,"Pal, Kelsey"
18411,29410,"Price, Lucas"
18418,29417,"Vazquez, Kellie"
18419,29418,"Sharma, Lindsey"
18425,29424,"Gill, Erik"
18429,29428,"Perez, Kristopher"
18431,29430,"Goel, Donna"
18435,29434,"Yuan, Donna"
18436,29435,"Rodriguez, Stanley"
18437,29436,"Raman, Adriana"
18439,29438,"Fernandez, Terrance"
18441,29440,"Cai, Rafael"
18442,29441,"Patel, Adriana"
18443,29442,"Yuan, Damien"
18447,29446,"Ma, Jamie"
18449,29448,"Yuan, Lindsey"
18450,29449,"Chen, Laura"
18467,29466,"Jimenez, Lance"
18468,29467,"Mehta, Monica"
18475,29474,"Raje, Jaime"
18476,29475,"Ward, Jared"
18477,29476,"Bradley, Elizabeth"
18482,29481,"Suri, Ivan"
18766,CS434,Unknown
18774,CS445,Unknown
18776,CS450,Unknown
18777,CS451,Unknown
18782,CS458,Unknown
18784,CS461,Unknown
18785,CS462,Unknown
18786,CS463,Unknown
18788,CS465,Unknown
18791,CS469,Unknown
18792,CS470,Unknown
18795,CS479,Unknown
18796,CS494,Unknown
18797,CS495,Unknown
18798,CS500,Unknown
18799,CS502,Unknown
18800,CS507,Unknown
18801,CS508,Unknown
18802,CS516,Unknown
18803,CS520,Unknown
18804,CS522,Unknown
18806,CS527,Unknown
18807,CS535,Unknown
18808,CS536,Unknown
18809,CS537,Unknown
18810,CS538,Unknown
18812,CS547,Unknown
18813,CS551,Unknown
18814,CS552,Unknown
18815,CS559,Unknown
18816,CS560,Unknown
18818,CS566,Unknown
18819,CS570,Unknown
18821,CS573,Unknown
18822,CS575,Unknown
18823,CS578,Unknown
18824,CS579,Unknown
18825,CS580,Unknown
18826,CS581,Unknown
18827,CS582,Unknown
18828,CS583,Unknown
18829,CS584,Unknown
18830,CS593,Unknown
18831,CS597,Unknown
18832,CS600,Unknown
18833,CS601,Unknown
18834,CS602,Unknown
18835,CS603,Unknown
18836,CS604,Unknown
18837,CS605,Unknown
18838,CS606,Unknown
18839,CS607,Unknown
18840,CS609,Unknown
18841,CS610,Unknown
18842,CS611,Unknown
18843,CS612,Unknown
18844,CS614,Unknown
18845,CS617,Unknown
18846,CS618,Unknown
18847,CS619,Unknown
18848,CS620,Unknown
18849,CS625,Unknown
18850,CS627,Unknown
18851,CS631,Unknown
18852,CS633,Unknown
18853,CS642,Unknown
18854,CS643,Unknown
18855,CS644,Unknown
18856,CS645,Unknown
18857,CS652,Unknown
18858,CS653,Unknown
18859,CS658,Unknown
18860,CS660,Unknown
18861,CS667,Unknown
18863,CS670,Unknown
18864,CS677,Unknown
18865,CS678,Unknown
18867,CS686,Unknown
18868,CS688,Unknown
18869,CS689,Unknown
18870,CS690,Unknown
18871,CS691,Unknown
18872,CS693,Unknown
18873,CS694,Unknown
18876,CS707,Unknown
18877,CS782,Unknown
18878,CS783,Unknown
18879,CS784,Unknown
18880,CS785,Unknown
18881,CS786,Unknown
18882,CS787,Unknown
18883,CS788,Unknown
18884,CS789,Unknown
18885,CS790,Unknown
18886,CS791,Unknown
18887,CS794,Unknown
18888,CS795,Unknown
18889,CS796,Unknown
18890,CS797,Unknown
18891,CS798,Unknown
18892,CS799,Unknown
18893,CS800,Unknown
18894,CS802,Unknown
18895,CS803,Unknown
18896,CS804,Unknown
18897,CS805,Unknown
18898,CS806,Unknown
18899,CS807,Unknown
18900,CS808,Unknown
18901,CS809,Unknown
18902,CS810,Unknown
18903,CS811,Unknown
18904,CS812,Unknown
18905,CS813,Unknown
18906,CS814,Unknown
18907,CS815,Unknown
18908,CS816,Unknown
18909,CS817,Unknown
18910,CS818,Unknown
18911,CS819,Unknown
18912,CS820,Unknown
18913,CS821,Unknown
18914,CS822,Unknown
18915,CS823,Unknown
18916,CS824,Unknown
18917,CS825,Unknown
18918,CS826,Unknown
18919,CS827,Unknown
18920,CS828,Unknown
18921,CS830,Unknown
18922,CS831,Unknown
18923,CS832,Unknown
18924,CS833,Unknown
18925,CS834,Unknown
18926,CS835,Unknown
18927,CS836,Unknown
18928,CS837,Unknown
18929,CS838,Unknown
18930,CS839,Unknown
18931,CS840,Unknown
18932,CS841,Unknown
18933,CS842,Unknown
18934,CS843,Unknown
18935,CS844,Unknown
18936,CS845,Unknown
18937,CS846,Unknown
18938,CS847,Unknown
18939,CS848,Unknown
18940,CS849,Unknown
18941,CS850,Unknown
18942,CS851,Unknown
18943,CS852,Unknown
18944,CS853,Unknown
18945,CS854,Unknown
18946,CS856,Unknown
18947,CS857,Unknown
18948,CS858,Unknown
18949,CS859,Unknown
18950,CS860,Unknown
18951,CS861,Unknown
18952,CS862,Unknown
18953,CS863,Unknown
18954,CS865,Unknown
18955,CS866,Unknown
18956,CS867,Unknown
18957,CS868,Unknown
18958,CS869,Unknown
18959,CS870,Unknown
18960,CS871,Unknown
18961,CS872,Unknown
18962,CS873,Unknown
18963,CS874,Unknown
18964,CS875,Unknown
18965,CS876,Unknown
18966,CS877,Unknown
18967,CS878,Unknown
18968,CS879,Unknown
18969,CS880,Unknown
18970,CS882,Unknown
18971,CS883,Unknown
18972,CS884,Unknown
18973,CS885,Unknown
18974,CS886,Unknown
18975,CS887,Unknown
18976,CS888,Unknown
18977,CS889,Unknown
18978,CS890,Unknown
18979,CS891,Unknown
18980,CS892,Unknown
18981,CS893,Unknown
18982,CS895,Unknown
18983,CS896,Unknown
18984,CS897,Unknown
18985,CS898,Unknown
18986,CS899,Unknown
18987,CS900,Unknown
18988,CS901,Unknown
18989,CS902,Unknown
18991,CS904,Unknown
18992,CS905,Unknown
18993,CS906,Unknown
18994,CS907,Unknown
18995,CS908,Unknown
18996,CS909,Unknown
18997,CS910,Unknown
18998,CS911,Unknown
18999,CS912,Unknown
19000,CS913,Unknown
19001,CS914,Unknown
19002,CS917,Unknown
19003,CS918,Unknown
19004,CS919,Unknown
19005,CS920,Unknown
19006,CS921,Unknown
19007,CS922,Unknown
19008,CS923,Unknown
19009,CS924,Unknown
19010,CS925,Unknown
19011,CS926,Unknown
19012,CS927,Unknown
19013,CS928,Unknown
19014,CS929,Unknown
19015,CS930,Unknown
19016,CS931,Unknown
19017,CS932,Unknown
19018,CS933,Unknown
19019,CS934,Unknown
19020,CS935,Unknown
19021,CS936,Unknown
19022,CS937,Unknown
19023,CS938,Unknown
19024,CS939,Unknown
19025,CS940,Unknown
19026,CS941,Unknown
19027,CS943,Unknown
19028,CS944,Unknown
19029,CS945,Unknown
19030,CS946,Unknown
19031,CS947,Unknown
19032,CS948,Unknown
19033,CS949,Unknown
19034,CS950,Unknown
19035,CS951,Unknown
19036,CS952,Unknown
19038,CS428,Unknown
19039,CS429,Unknown
19041,CS489,Unknown
19042,CS496,Unknown
19049,CS555,Unknown
19053,CS586,Unknown
19056,CS623,Unknown
19057,CS636,Unknown
19066,CS744,Unknown
19075,CS765,Unknown
19120,CS710,Unknown
19125,CS715,Unknown
19126,CS716,Unknown
19137,CS727,Unknown
19143,CS733,Unknown
